Name,Summary,Image,Contact Info,Ticket Prices,Opening Hours,Latitude,Longitude,Link
故宫博物院,"紫禁城南北长961m，东西宽753m，四面围有高10m的城墙，城外有宽52m的护城河,真可谓有金城汤池之固。紫禁城有四座城门，南面为午门，北面为神武门，东面为东华门，西面为西华门。城墙的四角，各有一座风姿绰约的角楼，民间有九梁十八柱七十二条脊之说，形容其结构的复杂。紫禁城内的建筑分为外朝和内廷两部分。外朝的中心为太和殿、中和殿、保和殿，统称三大殿，是国家举行大典礼的地方。三大殿左右两翼辅以文华殿、武英殿两组建筑。
　　内廷的中心是乾清宫、交泰殿、坤宁宫，统称后三宫，是皇帝和皇后居住的正宫。其后为御花园。后三宫两侧排列着东、西六宫，是后妃们居住休息的地方。东六宫东侧是天穹宝殿等佛堂建筑，西六宫西侧是中正殿等佛堂建筑。外朝、内廷之外还有外东路、外西路两部分建筑。外东路南部是皇子居住的撷芳殿，俗称南三所，北部是乾隆皇帝营建的太上皇宫殿——宁寿宫。外西路南部是皇太后居住的慈宁宫、寿康宫，北部除皇太后居住的寿安宫外，还有英华殿等佛堂建筑。",https://r1.visitbeijing.com.cn/vbj-s/2023/0331/7c2779dbdc46d8dfc64f56c374a2cc78.jpg,400-950-1925,,旺季：8:30-17:00（4月1日至10月31日）淡季：8:30-16:30（11月1日至次年3月31日）提示：除法定节假日外，故宫博物院全年实行周一全天闭馆的措施。,39.916425,116.390810,https://s.visitbeijing.com.cn/attraction/117873
颐和园,"颐和园是中国现存规模最大、保存最完整的皇家园林，中国四大名园（另三座为承德避暑山庄、苏州拙政园、苏州留园）之一。位于北京市海淀区，距北京城区十五公里，占地约二百九十公顷。利用昆明湖、万寿山为基址，以杭州西湖风景为蓝本，汲取江南园林的某些设计手法和意境而建成的一座大型天然山水园，也是保存得最完整的一座皇家行宫御苑，被誉为皇家园林博物馆。
颐和园（Summer Palace）原是清朝帝王的行宫和花园，前身清漪园，为三山五园（三山是指万寿山、香山和玉泉山。三座山上分别建有三园清漪园、静宜园、静明园，此外还有附近的畅春园和圆明园，统称五园）中最后兴建的一座园林，始建于1750年，1764年建成，面积290公顷,水面约占四分之三。
乾隆继位以前，在北京西郊一带，已建起了四座大型皇家园林，从海淀到香山这四座园林自成体系，相互间缺乏有机的联系，中间的“瓮山泊”成了一片空旷地带。乾隆十五年（1750年），乾隆皇帝为孝敬其母孝圣皇后动用448万两白银在这里改建为清漪园，以此为中心把两边的四个园子连成一体，形成了从现清华园到香山长达二十公里的皇家园林区。
咸丰十年（1860年），清漪园被英法联军焚毁",https://r1.visitbeijing.com.cn/vbj-s/2016/0524/20160524013819820.jpg,010-62881077，62881144,,一、公园开放时间旺季（4月1日-10月31日）：6:00开园，19:00停止入园，20:00闭园。淡季（11月1日-3月31日）：6:30开园，18:00停止入园，19:00闭园。二、景点院落开放时间（一）佛香阁、德和园、颐和园博物馆、苏州街旺季（4月1日-10月31日）：8:00开门，17:30停止进入，18:00关门。淡季（11月1日-3月31日）：8:30开门，16:30停止进入，17:00关门。以上景点逢周一关闭（法定节假日除外）。（二）霁清轩、谐趣园、益寿堂、清华轩、玉澜堂、耕织图水操学堂、南湖岛内院落旺季（4月1日-10月31日）：8:00开门，18:00关门。淡季（11月1日-3月31日）：8:30开门，17:00关门。益寿堂、霁清轩、南湖岛内院落、耕织图水操学堂景点逢周一关闭（法定节假日除外）。,39.997595,116.274646,https://s.visitbeijing.com.cn/attraction/101407
皇极殿,皇极殿位于宁寿宫区中轴线前部，主建筑宁寿宫建于单层石台基之上，与皇极殿相接。殿坐北朝南，面阔9间，进深5间，取帝尊九五之制。黄琉璃瓦重檐庑殿顶，前檐出廊，枋下浑金雕龙雀替。明间，左、右次间设殿门，余各次间下砌槛墙。后檐明、次间辟为殿后门，可达宁寿宫，余各间砌墙。殿中四根沥粉贴金蟠龙柱，顶置八角浑金蟠龙藻井，下设宝座，品级仅次于太和殿。殿内左置铜壶滴漏，右置大自鸣钟，制作考究。,https://r1.visitbeijing.com.cn/vbj-s/2017/0921/20170921044411869.jpg,010-85007422,,08:30-16:00 仅在每年清明节、端午节、中秋节、“五一”、“十一”和暑期高峰对外开放。,39.997595,116.274646,https://s.visitbeijing.com.cn/attraction/120920
御花园,御花园位于北京紫禁城中轴线上，坤宁宫后方，明代称为宫后苑，清代称御花园。始建于明永乐十八年 (1420年)，以后曾有增修，现仍保留初建时的基本格局。全园南北纵80m，东西宽140m，占地面积12000㎡。园内主体建筑钦安殿为重檐盝顶式，坐落于紫禁城的南北中轴线上，以其为中心，向前方及两侧铺展亭台楼阁。园内青翠的松、柏、竹间点缀着山石，形成四季常青的园林景观。,https://r1.visitbeijing.com.cn/vbj-s/2017/0821/20170821042151859.jpg,010-85007422,,,39.921234,116.398643,https://s.visitbeijing.com.cn/attraction/120832
坤宁宫,坤宁宫为中国古代宫殿建筑之精华。属于北京故宫内廷后三宫之一，位于交泰殿后面。坤宁宫宫名字出自《道德经》原文：昔之得一者，天得一以清，地得一以宁，神得一以灵，谷得一以盈，万物得一以生，侯王得一而以为天下正。在古代皇后的地位跟皇帝相对，是天下女性中最尊贵的，皇帝是天，皇后就是地，皇帝是乾，皇后是坤，皇后也是天下间之唯一，皇后的寝宫取自道德经中的，坤得一以宁这一句，故名坤宁宫，同理天得一以清，皇帝寝宫名乾清宫。坤宁宫始建于明朝永乐十八年（1420年），正德九年（1514年）、万历二十四年（1596年）两次毁于火，万历三十三年（1605年）重建。清沿明制于顺治二年（1645年）重修，顺治十二年（1655年）仿盛京沈阳清宁宫再次重修。嘉庆二年（1797年）乾清宫失火，延烧此殿前檐，嘉庆三年（1798年）重修。乾清宫代表阳性，坤宁宫代表阴性，以表示阴阳结合，天地合璧之意。,https://r1.visitbeijing.com.cn/vbj-s/2017/0821/20170821035417422.jpg,010-85007422,,10:00-17:00,39.921234,116.398643,https://s.visitbeijing.com.cn/attraction/120831
保和殿,保和殿是中国传统宫殿建筑之精华，属于北京故宫中的一座殿宇式建筑。明永乐十八年（1420年）建成，几经焚毁、重建。现存主体梁架仍为明代建筑。明初名谨身殿，明嘉靖四十一年（1562年）改称建极殿，清顺治二年（1645年）始名保和殿。“保和” 出自《易经》，意为“志不外驰，恬神守志”，也就是神志得专一，以保持宇宙间万物和谐。,https://r1.visitbeijing.com.cn/vbj-s/2017/0821/20170821033109142.jpg,010-85007422,,08:30-16:00,39.921234,116.398643,https://s.visitbeijing.com.cn/attraction/120830
中和殿,中和殿是北京故宫外朝三大殿之一，属于中国传统宫殿建筑之精华。位于紫禁城太和殿、保和殿之间。是皇帝去太和殿大典之前休息的地方，并接受执事官员的朝拜的地方。凡遇皇帝亲祭，如祭天坛、地坛，皇帝于前一日在中和殿阅览祝文。祭先农坛举行亲耕仪式前，还要在此查验种子和农具。 中和殿始建于明永乐十八年（1420年），明初称“华盖殿”。嘉靖时遭遇火灾，重修后改称“中极殿”，现天花内构件上仍遗留有明代“中极殿”墨迹。清顺治元年（1644年），清皇室入主紫禁城，第二年改中极殿为中和殿。“中和”二字取自《礼记`中庸》：“中也者，天下之本也；和也者，天下之道也”之意。三大殿中唯有这间房子可供皇帝一人静静的思考。,https://r1.visitbeijing.com.cn/vbj-s/2017/0821/20170821031350544.jpg,010-85007422,,8:30-16:00,39.921234,116.398643,https://s.visitbeijing.com.cn/attraction/120829
交泰殿,"交泰殿是一处历史悠久的汉族宫殿建筑，属于北京故宫内廷后三宫之一，位于乾清宫和坤宁宫之间，殿名取自《易经》，含""天地交合、康泰美满""之意。是皇帝和后妃们起居生活的地方，约为明代嘉靖年间建，顺治十二年（1655年）、康熙八年（1669年）重修，嘉庆二年（1797年）乾清宫失火，殃及此殿，是年重建。",https://r1.visitbeijing.com.cn/vbj-s/2017/0818/20170818053628779.jpg,010-85007422,,,39.921234,116.398643,https://s.visitbeijing.com.cn/attraction/120828
养心殿,"养心殿，明代嘉靖年建，位于内廷乾清宫西侧。清初顺治皇帝病逝于此地。紫禁城的建造者只把养心殿作为一座为皇帝临时休息而设的宫殿，仅此而已。康熙年间，这里曾经作为宫中造办处的作坊，专门制作宫廷御用物品。养心殿是一独立的院落，南北长约63米，东西宽约80米，占地5000平方米。养心殿为工字形殿，前殿面阔三间，通面阔36m,进深3间，通进深12m。黄琉璃瓦歇山顶，明间、西次间接卷棚抱厦。",https://r1.visitbeijing.com.cn/vbj-s/2017/0818/20170818045621545.jpg,010-85007422,,08:30-17:00,39.921234,116.398643,https://s.visitbeijing.com.cn/attraction/120827
太和殿,太和殿俗称金銮殿，为中国古代宫殿建筑之精华，东方三大殿之一。中国现存最大的木结构大殿。位于北京紫禁城（故宫）南北主轴线的显要位置，明永乐十八年（1420年）建成，称奉天殿。明嘉靖四十一年（1562年）改称皇极殿，清顺治二年（1645年）改今名。建成后屡遭焚毁，多次重建，今殿为清康熙三十四年(1695年)重建后的形制。,https://r1.visitbeijing.com.cn/vbj-s/2017/0818/20170818041313207.jpg,010-85007422,,8:30-16:10（4月1日-10月31日），8:30-15:40（11月1日-3月31日）,39.921234,116.398643,https://s.visitbeijing.com.cn/attraction/120826
乾清宫,乾清宫是内廷正殿，即民间所谓“后三宫（乾清宫、交泰殿、坤宁宫）中的第一座宫殿。乾清宫面阔9间，进深5间，高20米，重檐庑殿顶。殿的正中有宝座，两头有暖阁。乃明清十六个皇帝的寝宫： 明朝的十四个皇帝和清代的顺治、康熙两个皇帝，都以乾清宫为寝宫（自雍正始移居养心殿）。他们在这里居住，也在平时处理日常政务。,https://r1.visitbeijing.com.cn/vbj-s/2017/0818/20170818035252160.jpg,010-85007422,,08:30-16:00旺季/15:30淡季(周一闭馆),39.919387,116.389977,https://s.visitbeijing.com.cn/attraction/120825
北锣鼓巷,北锣鼓巷，安定门内大街西侧，呈南北走向。北起安定门西大街，南止鼓楼东大街，东与花园北巷、花园前巷、车辇店胡同、谢家胡同、分司厅胡同、北下洼子胡同、大经厂胡同、大经厂西巷相通，西与东绦胡同、千福巷、朗家胡同、纱络胡同、净土胡同、琉璃寺胡同、华丰胡同相通。全长866米，宽7米，沥青路面。,https://r1.visitbeijing.com.cn/vbj-s/2017/0816/20170816051223201.jpg,,,全天,39.942009,116.408755,https://s.visitbeijing.com.cn/attraction/120810
齐白石故居,齐白石先生在北京的故居一共有两处，一处是目前开放为纪念馆的雨儿胡同齐白石旧居纪念馆，一处是这里。故居室一座带跨院的三合院住宅，齐白石从50多岁到逝世前一直在此居住。故居中的3间北房是当年的“白石画屋”，因屋前安有铁栅栏，又称“铁栅屋”。北房檐下悬挂有齐白石篆刻的长3.3米、高0.84米的篆体“白石画屋”横匾，大字尚依稀可见。,https://r1.visitbeijing.com.cn/vbj-s/2017/0922/20170922032128388.jpg,,,全天,39.91482,116.365046,https://s.visitbeijing.com.cn/attraction/120921
漪澜堂,漪澜堂是北海公园琼华岛北侧的一组格局独特的庭院古建筑群，建于清乾隆十六年(1751年)。乾隆南巡时，在江苏镇江金山寺看到了“寺包山”的建筑特色——寺庙围着山建，于是仿照金山寺，在北海琼华岛建成“屋包山”的漪澜堂——整个景区用临水长廊围起，突出文人情怀，而减少宗教色彩。漪澜堂背依琼华岛，面临太液池，整组建筑占地面积6783平方米，建筑面积563平方米。景区内包括漪澜堂、碧照楼、道宁斋、远帆阁、晴栏花韵、戏台等主要建筑。其中，道宁斋为清代皇帝与御用文人吟诗咏文之地；漪澜堂为乾隆帝读书之处；晴栏花韵为看戏房。碧照楼在中段游廊东侧，远帆阁在中段游廊西侧，楼为两层，为登高赏景之所。,https://r1.visitbeijing.com.cn/vbj-s/2017/0914/20170914051555796.jpg,,,08:30-18:00,39.926417,116.3885,https://s.visitbeijing.com.cn/attraction/120907
北海白塔,"北海白塔，位于北京北海公园琼华岛上 ，建于清初顺治八年(1651)，是一座藏式喇嘛塔，也是北海的标志性景点。北海白塔据建塔石碑记载，当时""有西域喇嘛者，欲以佛教阴赞皇猷，请立塔寺，寿国佑民""，得到皇帝的恩准，于是修建了永安寺和白塔。塔高35.9 米，上圆下方，富有变化，为须弥山座式，塔顶设有宝盖、宝顶，并装饰有日、月及火焰花纹，以表示“佛法”象日、月那样光芒四射，永照大地。",https://r1.visitbeijing.com.cn/vbj-s/2017/0912/20170912050022416.jpg,010-64037972,,08:30-18:00,39.926417,116.3885,https://s.visitbeijing.com.cn/attraction/120900
北京京报馆旧址,《京报》1918年创刊，原址在宣武门外珠巢街，1920年迁至于此。邵飘萍，浙江东阳人，是《京报》的创始人，近代著名新闻工作者。创办《京报》，宗旨是宣传进步思想，反对封建军阀制度，客观介绍马克思主义理论等进步思想。他大力提倡新闻救国，利用报刊来唤醒人民的觉悟。1926年遭反动军阀杀害。毛泽东同志高度评价邵飘萍是具有热情理想和优良品质的人。1984年，京报馆被列为北京市文物保护单位。,https://r1.visitbeijing.com.cn/vbj-s/2017/0825/20170825044612462.jpg,,,全天,39.891097,116.380704,https://s.visitbeijing.com.cn/attraction/120849
林白水故居,林白水故居为北京原宣武区区级文物保护单位。位于原宣武区棉花头条（见棉花胡同）。2002年中国网通盖办公大楼时将其拆除。后在全国新闻界朋友、北京市宣武区文化博物馆等各界的呼吁下，林白水故居在网通大厦旁边重建。,https://r1.visitbeijing.com.cn/vbj-s/2017/0825/20170825034315564.jpg,,,全天,39.891789,116.378286,https://s.visitbeijing.com.cn/attraction/120847
谭嗣同故居,原湖南浏阳会馆，是谭嗣同1898年在京时的住所。谭嗣同的生所与死处近在咫尺，谭嗣同的故居简单醒目的坐落在菜市口的边缘。 沿菜市口大街西边往南走几十步远，人行道边上的一个土坡之上，便是标识了“谭嗣同故居”牌子的四合院，现在的北半截胡同41号，当年的“浏阳会馆”。红墙灰檐下堆满了杂物，门墩上红漆点染了几道，仿佛斑斑血迹。整条胡同已拆除大半，只剩下这个小院及邻近的几间房舍，立在宽阔的马路边分外扎眼。,https://r1.visitbeijing.com.cn/vbj-s/2017/0825/20170825033154709.jpg,,,全天,39.886434,116.37403,https://s.visitbeijing.com.cn/attraction/120846
克勤郡王府,克勤郡王府是国家重点文物保护单位，为清代现存规模较好的一座王府，此府是顺治年间所建。原占地面积不大，平面布局与王府规制尚符。克勤王府历经了清王朝由鼎盛而至衰亡的历史进程，承载了极其丰富的历史文化信息。 清室覆亡后，府邸的产权曾归属辅熊希龄，21世纪初，克勤郡王府修葺一新，恢复昔日风貌。府路南影壁尚存，府前部只存东翼楼。后部的内门、后寝与东西配房、后罩房均保存完整。西部跨院也存大部原有建筑。,https://r1.visitbeijing.com.cn/vbj-s/2017/0814/20170814022855869.jpg,,,,39.904295,116.370852,https://s.visitbeijing.com.cn/attraction/120794
礼王府,礼王府位于西黄城根南街7号、9号。明代是崇祯皇帝的外戚周奎的私宅。清朝入关进驻北京之后，此地后为礼亲王、清太祖努尔哈赤次子、清初“八大铁帽子王”之一代善所有。此处府邸并非最初的礼亲王代善之府，而是代善之孙杰书袭封后择址新建的王府。杰书时称康亲王，故府亦称康王府。乾隆四十三年(1778)恢复礼王的封号，改称礼王府。嘉庆十二年(1807)府毁于火，由当时的礼亲王昭连集资于原址重建，即现存之邸。,https://r1.visitbeijing.com.cn/vbj-s/2017/0814/20170814025128598.jpg,,,,39.92135,116.37729,https://s.visitbeijing.com.cn/attraction/120793
北京庆王府,庆王府西城区定阜街3号。为清末再封庆亲王奕劻的王邸，庆王府当是在光绪十年(1884)晋封庆郡王后按王府规制改建，始称王府。王府建筑分3大部分。中央是主要殿堂，现只余后寝1座。东部亦已改建。现只西部尚基本保存完整。西部是王府的生活居住区，有三组并排的院落。原厅堂均有名称，悬有匾额。最后是一座二层楼，俗称梳妆楼或绣楼，现存三组院落，各有大门出入，1949年后，京津卫戍区司令部设此，为北京市重点保护文物。,https://r1.visitbeijing.com.cn/vbj-s/2017/0814/20170814041530146.jpg,,,,39.93548,116.38002,https://s.visitbeijing.com.cn/attraction/120792
郑王府,郑王府是北京市重点保护文物，为清代规模较大的一座王府，曾作为钟郡王奕诒的宅邸。清军入关，定鼎燕京。世祖以此第赐其从叔郑亲王济尔哈朗。郑王府的名称也因此得来。郑王府历经了清王朝由鼎盛而至衰亡的历史进程，承载了极其丰富的历史文化信息。 清室覆亡后，府邸的产权曾归属西什库天主教堂和中国大学；郑王府今为国家教育部址，中国教育基金会所在地。,https://r1.visitbeijing.com.cn/vbj-s/2017/0814/20170814044722547.jpg,,,,39.911634,116.370587,https://s.visitbeijing.com.cn/attraction/120791
鉴园遗址,鉴园遗址位于如园东北，西临长湖，东倚园墙，是一处园中园。乾隆三十二年仿扬州趣园而建。鉴园船坞，是长春园仅有的一座船坞，主要用于停泊帝后御用大型画舫。鉴园南侧有七孔板桥与如园相连，北侧为长春园大东门，亦称东楼门，清帝去承德、东陵和盘山多由此门出入。,https://r1.visitbeijing.com.cn/vbj-s/2017/0824/20170824035222733.jpg,010-62628501,,开放时间：7:00-17：00,40.007671,116.304407,https://s.visitbeijing.com.cn/attraction/120841
十三陵·定陵,定陵地下宫殿是中国著名地下建筑之一，在北京市昌平县天寿山南麓。地下建筑一般称“地下宫殿”（简称地宫），于1957年发掘。定陵的建筑主要有祾恩门、祾恩殿、明楼、宝城和地宫等部分。定陵的地宫位于明楼的正后部，是陵墓建筑中的主要部分，其中埋葬着朱翊钧和孝端、孝靖两个皇后。,https://r1.visitbeijing.com.cn/vbj-s/2017/0915/20170915035621169.jpg,010-60761424,,旺季8：00-17：30（停票时间），淡季8：30-17：00（停票时间）,40.223044,116.075565,https://s.visitbeijing.com.cn/attraction/120910
国子监街,"位于东城区西北部。东起雍和宫大街，西至安定门内大街。因国子监，故名.首届“中国历史文化名街”之一。
国子监街，元时已然形成。明时称“国子监孔庙”。清时称成贤街。民国以后称国子监。1965年称国子监街。国子监街立有四座牌楼，街口的东西两座，额枋曰“成贤街”，“文革”之中一度改名红日北路九条，后恢复原称。国子监街多平房民居，保存着旧京街巷风貌。1984年定为北京市级文物保护街。其周围的胡同，不少与国子监相关，诸如国学胡同，箭厂胡同等。
国子监街是北京仅存有牌楼的街道。街上有四座牌楼，东西街口各一座，额题“成贤街”，国子监附近左右各一座，额题“国子监”。国子监街上还有祀唐代大文学家韩愈的韩文公祠、始建于明代的火神庙、祀灶王爷的灶君庙。",https://r1.visitbeijing.com.cn/vbj-s/2017/0719/20170719042705486.jpg,,,,39.945539,116.407979,https://s.visitbeijing.com.cn/attraction/120690
长城大庄科段,大庄科段长城，与八达岭段长城同属“内长城”，其起点位于大庄科乡龙泉峪村东1.4公里处，同怀柔的水峪村长城相接；西行穿过S212路后转向西南，止于松树沟村东南0.7公里的断崖处，与昌平相邻。其走势基本按山势呈东西走向修筑而成。,https://r1.visitbeijing.com.cn/vbj-s/2017/0717/20170717051157467.jpg,,,,40.412967,116.276211,https://s.visitbeijing.com.cn/attraction/120685
斋堂城遗址,"斋堂城遗址 位于北京市门头沟区斋堂镇斋堂村，是东通京师、西达河北省至蒙古高原的大道，明代建城于此，扼守古道通途。城呈方形，长宽各1里。建于明万历后期。城有东西二门：东门城台尚存，额题""廓清""；西门额题""辑宁""。城内有3条东西走向的街道。嘉庆六年(1801)因清水河山洪泛滥，冲毁南部城墙。1937年东门顶楼失火烧毁，西城门1937年被日军拆除。",https://r1.visitbeijing.com.cn/vbj-s/2017/0718/20170718053636853.jpg,,,,39.971324,115.690963,https://s.visitbeijing.com.cn/attraction/120687
静心斋,静心斋原名镜清斋。在北海北岸，西邻天王殿。清乾隆二十二年（1757年）建，占地面积4700平方米，是皇太子的书斋，它以叠石为主景，周围配以各种建筑，亭榭楼阁，小桥流水，叠石岩洞，幽雅宁静，布局巧妙，体现了我国北方庭院园林艺术的精华，是一座建筑别致、风格独特的“园中之园”。,https://r1.visitbeijing.com.cn/vbj-s/2017/0829/20170829051302418.jpg,010-64037972,,旺季开放时间：6：00-21：00（4月1日-10月31日）淡季开放时间：6：30-20：00（11月1日-3月31日）,39.926417,116.3885,https://s.visitbeijing.com.cn/attraction/120861
荀慧生故居,荀慧生故居，为区级文物保护单位，位于北京市宣武区山西街。故居坐西朝东，四合院格局，东西长33米，南北长25米。如意式大门朝东开，两侧有圆形门鼓。进大门即是三间南客厅，用以接待宾客或传授技艺。,https://r1.visitbeijing.com.cn/vbj-s/2017/0828/20170828093524353.jpg,,,,39.891789,116.378286,https://s.visitbeijing.com.cn/attraction/120851
十三陵·昭陵,"昭陵是明朝第十二位皇帝穆宗朱载后及其三位皇后的合葬陵寝，是目前十三陵中第一座大规模复原修葺的陵园，也是地面建筑最完整的陵园。地面建筑由神功圣德碑亭、祾恩门、祾恩殿、两庑配殿、宰牲亭、神厨、神库等组成。
明昭陵建筑规制有它独特的建筑风格，平面布局严谨、施工精细，依山势建有完整的排水系统。祾恩殿内举办有“明昭陵秋祭复原陈列”，再现了明代秋祭时殿内供品丰洁、乐器齐备的隆重场面。左右配殿分别布置有“明昭陵帝后史料陈列”和“明代皇族墓葬史料陈列”，介绍埋葬在昭陵内的隆庆皇帝和孝懿、孝安、孝定三皇后的有关情况，以及明代亲王、妃嫔的墓葬规制。",https://r1.visitbeijing.com.cn/vbj-s/2017/0810/20170810041028635.jpg,010-60762842,,,40.31081,116.202591,https://s.visitbeijing.com.cn/attraction/120773
十三陵·康陵,明康陵，位于昌平天寿山陵区莲花山东麓，是明朝第十位皇帝武宗朱厚照和皇后夏氏的合葬陵墓。建陵用时1年，总体布局沿袭前制，呈前方后圆形状。康陵是目前发现的十三陵中砖碑铭文最多的一个陵。该陵建于正德十六年(1521年)，占地2.7万平方米。明末，康陵曾遭到烧毁，在清朝乾隆年间，曾被整修。,https://r1.visitbeijing.com.cn/vbj-s/2017/0810/20170810034829625.jpg,,,,40.158332,116.039743,https://s.visitbeijing.com.cn/attraction/120772
十三陵·裕陵,明裕陵，位于明十三陵天寿山西峰石门山南麓，是明朝第六位皇帝明英宗朱祁镇和皇后钱氏、周氏的合葬陵寝。裕陵经多年风雨已残破不全，于2001年进行了彻底的修缮。,https://r1.visitbeijing.com.cn/vbj-s/2017/0811/20170811100747438.jpg,010-60761888,,,40.27265,116.225074,https://s.visitbeijing.com.cn/attraction/120771
十三陵·泰陵,明泰陵，位于笔架山东南麓，这里又称“施家台”，或“史家山”，是明朝第九帝孝宗敬皇帝朱祐樘（年号弘治）及皇后张氏的合葬陵寝。,https://r1.visitbeijing.com.cn/vbj-s/2017/0726/20170726052647522.jpg,,,,40.220952,116.231034,https://s.visitbeijing.com.cn/attraction/120703
十三陵·庆陵,庆陵，位于十三陵中的长陵西北1.5公里，献陵西北约0.5公里，北京昌平天寿山陵内黄山寺二岭南麓，是明朝第十四位皇帝——明光宗朱常洛和皇后郭氏、王氏、刘氏的合葬陵寝。,https://r1.visitbeijing.com.cn/vbj-s/2017/0726/20170726050930174.jpg,,,,40.223044,116.075565,https://s.visitbeijing.com.cn/attraction/120702
十三陵·景陵,明景陵是指明朝第五位皇帝宣宗朱瞻基与皇后孙氏的合葬陵寝，位于天寿山东峰（又名黑山）之下，建造动用10万余人，在1463年3月19日完工。,https://r1.visitbeijing.com.cn/vbj-s/2017/0726/20170726043521238.jpg,,,,40.210859,116.21743,https://s.visitbeijing.com.cn/attraction/120701
十三陵·永陵,"明永陵位于北京市昌平区天寿山阳翠岭南麓，是明朝第十一位皇帝世宗朱厚熜及陈氏、方氏、杜氏三位皇后的合葬陵寝。
朱厚熜的年号“嘉靖“史称嘉靖皇帝，在位时间45年，是明朝皇帝在位时间最长者之一，仅次于神宗皇帝朱翊钧的在位时间48年。由于朱厚熜在位时间长，所以嘉靖皇帝的永陵修建规模仅次于明成祖的长陵，迄今保护较好。
永陵建筑独特、规模宏大，是明十三陵中的代表陵墓。永陵因可能有《永乐大典》陪葬而闻名于世。",https://r1.visitbeijing.com.cn/vbj-s/2017/0726/20170726040703681.jpg,,,,40.220952,116.231034,https://s.visitbeijing.com.cn/attraction/120700
十三陵·茂陵,"明茂陵，位于明十三陵明裕陵右侧的聚宝山下，是明朝第八位皇帝明宪宗朱见深和王氏、纪氏、邵氏三位皇后的合葬陵寝。
成化二十三年（1487年）八月二十二日去世年41岁。谥“继天凝道诚明仁敬崇文肃武宏德圣孝纯皇帝”。同年十二月十七日葬茂陵。 茂陵始建于1487年9月，同年12月玄宫建成，葬入宪宗皇帝和纪氏。1488年4月，陵寝建成，历时八个月。茂陵陵园的形制大体与裕陵相同，但规模略大。宝城内琉璃照壁后面设有左右两个方向的踏跺，这一点与其他各陵不同。",https://r1.visitbeijing.com.cn/vbj-s/2017/0721/20170721032036474.jpg,,,,,,https://s.visitbeijing.com.cn/attraction/120699
十三陵·石牌坊,立在北京市昌平区天寿山明十三陵前的陵门是全国现存最大的石牌坊，这是一座六柱五间十一楼的彩绘超大石坊，高五十尺（合16米），宽一百零四尺（合35米），其上巨大的汉白玉石构件和精美的石雕工艺堪称一绝。,https://r1.visitbeijing.com.cn/vbj-s/2017/0721/20170721014733310.jpg,,,,40.260924,116.226921,https://s.visitbeijing.com.cn/attraction/120698
十三陵·献陵,献陵是中国明朝第四位皇帝明仁宗朱高炽和皇后张氏的陵墓，坐落在北京西北郊昌平区境内的燕山山麓的天寿山，是明十三陵之一。,https://r1.visitbeijing.com.cn/vbj-s/2017/0721/20170721012958505.jpg,,,,40.220952,116.231034,https://s.visitbeijing.com.cn/attraction/120697
冯玉祥将军陈列室,慈善寺后面名为“灵境”的东跨院就是冯玉祥将军故居，北房5间和厢房已修缮一新，现被辟为爱国主义教育基地“冯玉祥将军事迹陈列室”。陈列室展出的内容分为：在祖国的大地上、挥师北伐、治军能手、将军在慈善寺的日子、实物陈列5部分。陈列室内有冯玉祥将军当年使用的卧具、桌椅、砚台、石磨、亲笔遗嘱、将军服等上百件遗物与老照片（含复制品），图文并茂地展示了将军忠诚爱国的一生，史料价值很珍贵。,https://r1.visitbeijing.com.cn/vbj-s/2017/0828/20170828043509509.jpg,010-88905988,,07:00-18:00,39.979595,116.157348,https://s.visitbeijing.com.cn/attraction/120854
太庙,太庙是中国古代皇帝的宗庙。太庙在夏朝时称为“世室”，殷商时称为“重屋”，周称为“明堂”，秦汉时起称为“太庙”。最早太庙只是供奉皇帝先祖的地方。后来皇后和功臣的神位在皇帝的批准下也可以被供奉在太庙。太庙平面呈长方形，南北长475米，东西宽294米，共有三重围墙，由前、中、后三大殿构成三层封闭式庭园。大殿耸立于整个太庙建筑群的中心，面阔十一间，进深四间，建筑面积达2240平方米;重檐庑殿顶，三重汉白玉须弥座式台基，四周围石护栏;殿内的主要梁栋外包沉香木，别的建筑构件均为名贵的金丝楠木。,https://r1.visitbeijing.com.cn/vbj-s/2019/0712/20190712014001951.jpg,(010)65252189,,开放时间：08：00-20：00,39.908823,116.39747,https://s.visitbeijing.com.cn/attraction/119894
王府井小吃街,王府井小吃街是北京及各地名优风味小吃的荟萃之苑，位于王府井大街好友世界商场的南侧，街内有店铺、摊位百余个，是一家专门经营北京及各地风味小吃、旅游纪念品、民间工艺品的市场。它占地2000多平方米，建筑王府井小吃街面积1000余平方米，设施齐全、全天经营。代表当地的饮食习惯，风俗习惯。,https://r1.visitbeijing.com.cn/vbj-s/2016/0831/20160831040805956.jpg,暂无,,开放时间：10：00-22：00,,,https://s.visitbeijing.com.cn/attraction/119558
北京柏林寺,"柏林寺位于北京东城区雍和宫大街戏楼胡同1号，建于元至正七年(公元1347年)，明清两代均有修葺和增建，清康熙帝曾题额""万古柏林""。寺内保存的《龙藏》经版，是中国释藏中现存的唯一木刻经版。
　　</br>2006年05月25日，柏林寺作为清代古建筑，被国务院批准列入第六批全国重点文物保护单位名单。
　　</br>柏林寺创建于元顺帝至正七年(1347)，明洪武元年(1368)修建北京城北墙时将柏林寺分为两部分，城内的称南柏林寺，城外的称北柏林寺。
　　</br>明清之际，寺为北京八大寺庙之一(八大寺庙：东城柏林寺、贤良寺，西城广济寺、广化寺、嘉兴寺、拈花寺、南城法源寺、长椿寺)，规模、占地均非常可观。明以后，城外北柏林寺日趋衰败，南柏林寺遂称京城柏林寺。
　　</br>寺于明正统十二年(1447)重建，明宣德年间、及清康熙、乾隆年间曾三次大规模重修，其中康熙五十二年(1713)的重修，是为庆祝康熙60寿辰，由雍亲王胤禛主持重修，规模宏大，盛况空前。
　　</br>解放后，辟为北京图书馆善本书馆，再后为中央文化管理干部学院培训研究中心占用。1984年，被公布为市文物保护单位。",https://r1.visitbeijing.com.cn/vbj-s/2015/1120/20151120043549106.jpg,64045080,,开放时间：9:00--16:30,39.946047,116.420079,https://s.visitbeijing.com.cn/attraction/118453
文天祥祠,"北京文天祥祠:又名文丞相祠,坐落在东城区府学胡同63号,是南宋民族英雄文天祥当年遭囚禁和就义的地方。1376年明洪武九年建祠,现存大门、前殿、后殿。 江心寺文天祥祠:位于浙江温州江心屿。祠建于明成化十八年(1482年)文天祥就义200周年,占地面积821平方米。信国公文天祥祠:位于深圳南山区南头城现中山东路15号,是清嘉庆年间为纪念民族英雄文天祥修建的一座祠堂。这座具有纪念意义的古迹,是南头城中保存最为完整并规模最大的古建筑。南通文天祥祠:位于南通市东华塔陵园东侧。2008年,崇川区政府恢复重建了文天祥祠。
文天祥,字履善,号文山,南宋德佑二年(1276年)任右丞相。1278年元兵进犯,奋力抗元,后兵败被俘,掳至大都,囚禁在兵马司土牢达四年。文天祥面对元统治者的软硬兼施、恩威并用毫不动摇,誓死不降,在狱中写下了千古不朽的正气歌,凛然正气表现了他的民族气节。
北京文天祥祠坐落在东城区府学胡同63号,明清两代为祭祀南宋抗元英雄文天祥 ,将当年文天祥被囚禁的土牢旧址扩大改建而成,至今仍保持明代的建筑风格。1984年10月对外开放。祠堂坐南,由大门、过厅、堂屋等三部分组成,面积近600平方",https://r1.visitbeijing.com.cn/vbj-s/2013/0328/20130328101932311.jpg,6401 4968,,,39.936031,116.410426,https://s.visitbeijing.com.cn/attraction/118155
明瑞府（寿恩固伦公主府）（六公主府）,"明瑞府别称有寿恩固伦公主府和六公主府，即内务部街11号四合院，是一组坐北朝南的大型宅院。从东大门出入。位于街东部，东临朝阳门南小街，西靠东花厅胡同。此宅原为清乾隆时定边右副将军，一等诚嘉毅勇公明瑞的府邸，道光十四年（1834年）其曾孙景庆袭爵，道光二十五年（1845年）宣宗六女下嫁景庆之弟景寿，故又称“六公主府”。咸丰六年景寿袭爵，光绪十五年（1889年）景寿子麟光袭爵并继承此府。民国后，为盐业银行经理购得。现为单位宿舍。
该院坐北朝南，占地广大。虽有公主下嫁，但寿恩固伦公主并未另赐府第，因之此宅只能是公爵府邸的规制。宅院为住宅和花园南北两部分，住宅又有四路组成，街北并列四座宅门，原均为广亮大门，有三座已封堵，11号改为如意门。从东到西倒座房为二十三间，硬山合瓦清水脊。门内均有通向各院的随墙门和独立影壁；现11号院屋宇高大，有四进院落，为主院。入一殿一卷垂花门，二进院至四进院均抄手游廊环绕。前过厅堂五间，前出廊，后出三间悬山式抱厦，正房三间，东西耳房各二间，为双卷勾连搭；北房五间，前出廊。此院均为大式硬山筒瓦过垄脊，戗檐砖雕，箍头彩画，是接待宾客和礼仪之场所。东路四进院落，影壁已无，",https://r1.visitbeijing.com.cn/vbj-s/2013/0106/20130106110125738.jpg,010-65130828,,,39.928359,116.416334,https://s.visitbeijing.com.cn/attraction/118054
北京成贤街,"国子监街，在北京市东城区安定门内，是一条东西向的胡同。清代名“成贤街”，因孔庙和国子监在此而得名，又称国子监胡同。是北京城内现存不多的古老街道之一，它那巍然耸立的牌楼，夹道的老槐树，亭亭如盖的绿荫笼罩的古老房屋都体现了老北京街道的面貌。还有，成贤街是条很有文化底蕴的街，占尽了金陵的“文气”。六朝时期这里是宫苑的所在，文人学士为讨皇帝的习好，终日与被册封为“大学士”的宫女醉生梦死，被唐代大诗人李商隐讥讽为“满宫学士皆颜色，江令当年只废才”，落下千古笑柄。
街上共有四座过街牌楼，街东西口各一座，横额上题“成贤街”，国子监左右各一座，横额上题“国子监”两侧路北均有石碑，用满汉文镌刻“文武官员到此下马”。",https://r1.visitbeijing.com.cn/vbj-s/2013/0105/20130105111714579.jpg,,,,39.945074,116.415579,https://s.visitbeijing.com.cn/attraction/118048
地坛公园,"地坛又称方泽坛，是古都北京五坛中的第二大坛。始建于明代嘉靖九年(公元1530年)是明清两朝帝王祭祀“皇地祇神”的场所，也是我国现存的最大的祭地之坛。坛内总面积37.4公顷，呈方型，整个建筑从整体到局部都是遵照我国古代“天圆地方”、“天青地黄”、“天南地北”、“龙凤”、“乾坤”等传统和象征传说构思设计的。地坛现存有方泽坛、皇祇室、宰牲亭、斋宫、神库等古建筑。
地坛公园位于北京市安定门外大街东侧,依邻北二环与雍和宫隔河相望。1990年建成的北京蜡像馆设在斋宫内。始建时，坛外辟有护坛一千四百七十六亩，坛内总面积六百四十亩。现为北京市文物保护单位。
地坛公园占地面积37.4公顷年游人量五六百万人次，是一座历史悠久，庄严肃穆，闻名遐尔的皇家坛庙园林。公园的前身地坛，又称方泽坛。建于明代嘉靖九年，即公元1530年，是明清两帝祭地的场所，也是我国最大且是唯一现存的祭地之坛。
地坛现存方泽坛、皇祗室、宰牲亭、斋宫、神库等古建筑。
西门牌楼高大雄伟壮观，是根据清代乾隆时所建式样重新修建的，建设规模居北京市牌楼之最。绿色的琉璃瓦面，绘以单凤图，双凤图和牡丹图案，正面中心有地坛二字，背面核心有广厚街",https://r1.visitbeijing.com.cn/vbj-s/2019/0612/20190612034041897.jpg,"010-64214657,010-84257506",,06:00-21:30 (5月1日-10月31日 周一-周日)06:00-20:30 (11月1日-次年4月30日 周一-周日),39.954184,116.409338,https://s.visitbeijing.com.cn/attraction/117830
菊儿胡同,"菊儿胡同位于北京东城区西北部，东起交道口南大街，西至南锣鼓巷，南邻后圆恩寺胡同，北与寿比胡同相通，属交道口街道办事处管辖。全长438米，宽6米，沥青路面。现胡同北侧大部分已拆建成楼房四合院。
菊儿胡同，明朝属昭回靖恭坊，称局儿胡同。清朝属镶黄旗，乾隆时称桔儿胡同。桔，两音。一读“洁”;一读“橘”。桔是橘的俗写。此处当以后者为是，宣统时称菊儿胡同。民国后沿称。1965年整顿地名时改称交道口南二条。“文化大革命”中一度改称大跃进路八条，后恢复原名。1979年将小菊儿胡同并入，复称菊儿胡同。
菊儿胡同内3号院，5号院，7号院是清直隶总督大学士荣禄府邸。3号院是祠堂，5号院是住宅，7号院是花园。荣禄后迁至东厂胡同。3号、5号于1986年定为东城区文物保护单位。7号院曾作过阿富汗大使馆。41号院原为寺庙。据传，庙里的开山和尚是皇帝的替僧。
南锣鼓巷出来，就近就可以到菊儿胡同。这一带已经是北京的东城，最沉重的地方也就是这里了。北京那些老城文化中最能沉淀下来的部分都以建筑的形式呈现在这里，这里的每个胡同都有着显赫的过去和令人胆颤的故事。比如说，东城菊儿胡同3号、5号和7号是清光绪大臣荣禄的宅邸",https://r1.visitbeijing.com.cn/vbj-s/2012/1208/20121208121613296.jpg,暂无,,,39.939182,116.405749,https://s.visitbeijing.com.cn/attraction/117299
皇城根遗址公园,"皇城根遗址公园，建在明清北京城的第二重城垣之“东皇城根”遗址上，西邻南北河沿大街，东依晨光街，南起东长安街，北至平安大街，全长2.4公里，平均宽度为29米，宛如一条连接紫禁城和王府井商业区的绿色飘带。它以“绿色、人文”为主题，通过塑造“梅兰春雨”、“御泉夏爽”、“银枫秋色”、“松竹冬翠”四季景观，复原小段城墙、展示皇城墙基、点缀雕塑小品及借景等手法体现了历史的发展和文化的进步，在繁华的闹市中营造出清新、景致、飘逸、现代的城市环境。
皇城根遗址公园南起长安街，北至平安大街，西邻北河沿大街，东到东皇城根北街、南街。扰如一道历史的长廊把皇城根遗址、中法大学、欧美同学会、四合院、北大红楼等众多人文景观贯穿一线。皇城根遗址公园长二点八公里、宽约二十九米。公园内有石雕的明、清时期的北京地图、地下墙基遗存、复建小段旧皇城城墙、东厂和翠花胡同间的四合院、中法大学的雕塑等七大人文景致。还将点缀喷泉、小品和雕塑，构成“梅兰春雨”、“御泉夏爽”、“银枫秋色”、“松竹冬翠”等四季景致。
北京皇城根遗址公园蜿蜒向南延伸，直至长安街。宛如一条绿带，把古老的紫禁城和现代化的王府井有机联系起来，从而有了“春夏秋冬",https://r1.visitbeijing.com.cn/vbj-s/2012/1207/20121207022524820.jpg,010-85115114,,,39.91303,116.40665,https://s.visitbeijing.com.cn/attraction/101932
循郡王府,"循郡王府在安定门内大街方家胡同13号、15号。循郡王名永璋，是乾隆皇帝第三子，死后追封循郡王爵。后来过继循郡王为嗣子的绵懿按贝勒府的级别修建。
西部正院(15号)是现存较少的贝勒府形制的府第，有正堂5间(已拆除)，后院还有正房和配房，东跨院属花园和生活居住区。东部是一组完整的大型四合院落，分主院、中院和后院，布局相似，有北房和东西配房。为北京市重点保护文物。",https://r1.visitbeijing.com.cn/vbj-s/2012/1227/20121227110710510.jpg,暂无,,开放时间：全天,39.94417,116.41547,https://s.visitbeijing.com.cn/attraction/101742
李鸿章祠堂,"李鸿章祠堂位于东城区西总布胡同27号，李鸿章是清道光时进士,也是清代唯一在京师建立祠堂的汉人官吏。曾任湖广总督、直隶总督兼北洋通商事务大臣，死后谥""文忠""。
　　李鸿章祠堂主要建筑有仪门、享堂及东西配房、碑亭等，现存有享堂及东西配房。李鸿章祠堂所处的西总布胡同是东单北大街路东从南往北数的第四条胡同，通往东单北大街和朝阳门南小街。明代时期，此处设有总捕衙署，清乾隆时期称这里是“总部胡同”。",https://r1.visitbeijing.com.cn/vbj-s/2012/1208/20121208023410795.jpg,,,开放时间:全天,39.912329,116.423036,https://s.visitbeijing.com.cn/attraction/101724
老舍纪念馆,"作为北京市文物保护单位的老舍故居，是座普通的北京四合院，硬山隔檩，纯木结构，整个院落布局紧凑。正门坐西朝东，灰瓦门楼，门扇为黑漆油饰。进门首先映入眼帘的是座砖砌影壁，中心贴个大红“福”字做装饰。往里走是个不大的小院，只有两间南房，是为门房;往西还有个狭长小院，是老舍之子舒乙的住房;往北是一座三合院，这是故居的主体部分。进入首先看到的是一座五彩木影壁，院内正房为北房三间，左右各带一间耳房。明间和西次间为客厅，东次间为卧室，西耳房即为老舍的书房。书桌对着东门，一转身就可以拿到嵌在墙上书橱里的书籍，书桌是硬木镶大理石的。还有老舍生前用过的眼镜、钢笔、墨水瓶、烟灰缸、台灯、收音机和台历等。就在这间小屋子里，老舍写了著名话剧《方珍珠》、《龙须沟》、《茶馆》、《西望长安》及《全家福》等，还有为纪念其父而作的《神拳》等 20余部剧作。
　　此外还有大量的曲艺、散文、诗歌、论文、杂文以及未完成的自传体小说《正红旗下》。客厅中陈列着沙发、条案、硬木雕花圆桌、凳及多宝阁。南面向阳的窗台、茶几上摆着各种盆景、盆花。西墙上挂着著名国画家赠送的老舍喜爱的字画。据老舍夫人胡絜青说，原来这些字画几天就换一次，",https://r1.visitbeijing.com.cn/vbj-s/2012/1208/20121208022456691.jpg,010-65599218,,开放时间:9：00--16：30(16：00停止进入)，周一闭馆,39.918617,116.40835,https://s.visitbeijing.com.cn/attraction/101721
孚郡王府,"孚郡王府在东城区朝阳门内大街137号。最初是怡亲王的新府。因康熙皇帝第十三子怡亲王允祥死后，舍原府改建成贤良寺，皇帝又另赐此地给第二代嗣王弘晓，为和旧府有别，习惯称其为怡亲王新府。当传至第六代袭王载垣，与郑亲王端华等同为顾命大臣，被慈禧皇太后夺爵赐死，府邸被朝廷收回。道光皇帝幼子奕譓道光三十年(1850)封为孚郡王，同治三年(1864)迁出皇宫居住于此称孚郡王府。因其排行第九，俗称九爷府。奕譓死后，过继载澍为嗣，袭贝勒，因而此府也称澍贝勒府。街门原在朝内北小街。今之临街大门是民国年间所辟。为北京市重点保护文物。
孚王府,也叫孚郡王府，最初是怡亲王的新府。该府是世袭递降郡王府，位于东城区朝阳门内大街路北。因康熙皇帝第十三子怡亲王允祥死后，原府改建成贤良寺，皇帝又另赐此地给第二代嗣王弘晓，为与旧府有别，习惯称其为怡亲王新府。当传至第六代袭王载垣，与郑亲王端华等同为顾命大臣，被慈禧皇太后夺爵赐死，府邸被朝廷收回。道光皇帝幼子奕譓（读hui四声）道光三十年封为孚郡王，同治三年迁出皇宫居住于此称孚郡王府。因其排行第九，俗称九爷府。奕譓（读hui四声）死后，过继载澍为嗣，袭贝勒，因而此府也称澍贝",https://r1.visitbeijing.com.cn/vbj-s/2012/1210/20121210035935826.jpg,010-65130828,,开放时间:全天,39.924754,116.424872,https://s.visitbeijing.com.cn/attraction/101708
段祺瑞执政府旧址,段祺瑞执政府旧址 在东城区张自忠路3号，原名铁狮子胡同。清代这里有三座府第：东为和亲王府，中为贝勒斐苏府，西为和敬公主府。和亲王府的前身是贝子允府第。雍正十一年(1733)世宗五子弘昼改建为和亲王府。贝勒斐苏府，是清初恭亲王常颖的府第。清末，两府内的建筑全被拆除，重新建造了三组砖木结构的楼群：中间的主楼为欧洲古典式灰砖楼，东、西、北各有一座楼房。2009年10月21日晚，原段祺瑞执政府旧址大门被汽车撞毁，该处为国家级重点文物保护单位。,https://r1.visitbeijing.com.cn/vbj-s/2012/1210/20121210032016971.jpg,暂无,,开放时间:全天,39.933816,116.415113,https://s.visitbeijing.com.cn/attraction/101707
段祺瑞宅,位于仓南胡同的段祺瑞宅，原是清代康熙皇帝第二十二子允祜府，在北洋政府时期被段祺瑞获得，段祺瑞在此居住后进行过改建，这所宅院占地面积22642平方，留有大殿，殿前有水池环绕，水池上有三座小桥，大殿后是方形的院落，东、西两侧各有一小四合院，宅院内的大殿、方形院、洋楼等建筑至今保存原状，是东城区重点保护文物。,https://r1.visitbeijing.com.cn/vbj-s/2012/1210/20121210030129965.jpg,暂无,,开放时间:全天,,,https://s.visitbeijing.com.cn/attraction/101706
东交民巷,"东交民巷是北京最长的胡同，总长1500多米，西起天安门广场东路，东至崇文门内大街。每个城市都有大大小小的巷子，北京管这些巷子叫“胡同”，始建于元代。几百年来，这些胡同就像血管一样与北京人的生活联系在一起，在北京有名胡同三百六，无名胡同赛牛毛，这句俗语广为流传，可见北京胡同的密布情况。现如今，这些历史悠久的老胡同里每天都上演着北京人的故事，记载着千年古都的历史变迁。
　　东交民巷诞生于13世纪末，那时候江南粮食要通过大运河运到元大都，是在这里卸放，所以这条巷子在当时称为“江米巷”，永乐十八年，朱棣迁都北京，这条“江米巷”就成了城里的一条长街。这是北京最长的一条胡同，在旧中国时这里是使馆区。",https://r1.visitbeijing.com.cn/vbj-s/2012/1210/20121210105352607.jpg,暂无,,开放时间:全天,39.928359,116.416334,https://s.visitbeijing.com.cn/attraction/101703
大公主府,大公主府原位于东城区，在同治八年时改为咸丰皇帝女儿荣安固轮公主府邸，后转赐给荣寿固轮公主，因荣寿公主是恭亲王长女，所以是“大公主府”。那为什么恭亲王的长女一不叫“郡主”，而是称为“公主”呢?因为慈禧太后很喜欢恭亲王这位女儿，所以收为了养女，因此自然就成了“公主”。1985年大公主府被迁到了密云县白河郊野公园，分门殿、正殿、寝宫门、寝殿、后罩楼五进院落。,https://r1.visitbeijing.com.cn/vbj-s/2012/1210/20121210093900931.jpg,010-69043124,,开放时间:9:00-17:00,40.475309,116.854003,https://s.visitbeijing.com.cn/attraction/101699
天坛公园,"天坛位于北京市崇文区在永定门内大街路东。原是明清两代皇帝祭祀皇天上帝的场所，始建于明永乐十八年 (1420 年 ), 以后经过不断的改扩建，至清乾隆年间最终建成。天坛占地达 273 万平方米主要建筑有祈年殿、圜丘、 皇穹宇、斋宫、神乐署、牺牲所等。1918 年辟为公园。
　　天坛分为内、外两坛，内坛由圜丘、祈谷坛两部分组成，内坛北部是祈谷坛，内坛南部是圜丘坛，一条 360 米长的丹陛桥连缀两坛，两坛的主要建筑就集中在丹陛桥两端，丹陛桥南端有圜丘、皇穹宇，北端有祈年殿、皇乾殿。丹陛桥也称海攫大道 , 是一条巨大的砖砌高台商道，也是天坛建筑的主轴线。在丹陛桥的东侧建有与天坛祭祀功能相适应的附属建筑：宰牲亭、神厨、神库 等。丹陛桥西侧有斋宫 , 斋宫是举行祭天大典前皇帝进行斋戒的场所。外坛为林区 , 广植树木，外坛的西南部有神乐署，是明清时期演习祭祀礼乐及培训祭祀乐舞生的场所。从明永乐十八年 (1420 年 ) 北京天地坛初建成时开始，天坛作为皇帝祭祀皇天上帝的专用祭坛的历史一直延续了 490 余年，1911年爆发的辛亥革命结束了中国两千余年的封建帝制，也结束了贯穿中国历史达五千年的祭",https://r1.visitbeijing.com.cn/vbj-s/2015/1120/20151120050625885.jpg,010-67028866,,公园开放时间旺季(4月1日-10月31日)：6:00开园，21:00停止入园，22:00闭园淡季(11月1日-3月31日)：6:30开园，21:00停止入园，22:00闭园景点院落开放时间包括祈年殿、回音壁、圜丘、斋宫、北神厨、北宰牲亭。旺季(4月1日-10月31日)：8:00开门，17:30停止进入，18:00关门淡季(11月1日-3月31日)：8:00开门，16:30停止进入，17:00关门以上景点逢周一关闭(法定节假日除外)。,39.875276,116.413485,https://s.visitbeijing.com.cn/attraction/101409
纪晓岚故居,"纪晓岚故居是一所两进四合院，紧临晋阳饭庄。故宅中旧物有前院的藤萝，后院的海棠，均为纪晓岚亲手栽种的。据说海棠树还记录了主人公的一段恋爱史。
　　走进阅微草堂，最引人注目的是陈列在展柜里的那杆长长的旱烟袋锅。人所共知，纪晓岚吸烟成癖，烟瘾奇大。他的旱烟袋锅是特别订做的，一次能装三四两烟丝，编纂《四库全书》时，他从槐西老屋走到圆明园，只吸完一半，于是就落下了一个“纪大烟袋”的绰号。",https://r1.visitbeijing.com.cn/vbj-s/2012/1206/20121206105451916.jpg,010-63036712,,开放时间：9:00-17:00,39.890777,116.394553,https://s.visitbeijing.com.cn/attraction/101363
南锣鼓巷,"南锣鼓巷是北京最古老的街区之一，也位列规划中的25片旧城保护区之中。南锣鼓巷南北走向，北起鼓楼东大街, 南止地安门东大街， 全长786米， 宽8米，与元大都(1267年)同期建成， 是我国唯一完整保存着元代胡同院落肌理、规模最大、品级最高、资源最丰富的棋盘式传统民居区。
在元大都“左祖右社, 面朝后市”的城市格 局中, 南锣鼓巷是“后市”的组成部分。元代, 以南锣鼓巷为轴线, 东侧地区属昭回坊, 西侧地区属靖恭坊。明代属昭回靖恭坊。清代乾隆年间属镶黄旗, 光绪末年至宣统年间属 内左三区。民国时期属内五区。东西各有8条胡同整齐排列着， 呈“鱼骨状”, 又如同一条“蜈蚣”。因此, 南锣鼓巷也 称为“蜈蚣巷”。从南向北，西面的8条胡同是福祥胡同、蓑衣胡同、雨儿胡同、帽儿胡同、景阳胡同、沙井胡同、黑芝麻胡同、前鼓楼苑胡同；东边的8条胡同是炒豆胡同、板厂胡同、东棉花胡同、北兵马司胡同、秦老胡同、前圆恩寺胡同、后圆恩寺胡同、菊儿胡同。这些胡同在元朝时没有名称，名称是明朝以后逐渐演变来的。比如菊儿胡同，明代叫局儿胡同，后来改称橘儿胡同，清代宣统时才称菊儿胡同，后延续至今。她里坊，是中国古代居住区组",https://r1.visitbeijing.com.cn/vbj-s/2020/0509/20200509042230914.jpg,暂无,,开放时间:全天,39.933383,116.402405,https://s.visitbeijing.com.cn/attraction/101328
烟袋斜街,烟袋斜街位于地安门外大街鼓楼前，什刹海前海北侧，东起地安门大街，西至小石碑胡同与鸦儿胡同相连，北起大石碑胡同，南至前海北沿，街区占地14公顷。此街东西斜形走向，全长232米，宽5—6米，街道两侧建筑典雅朴素，颇具明清传统风格，其前店后居的形式呈现出古风犹存的市井风情，充分展现出浓郁的老北京传统风貌。烟袋斜街出现于元代，与元大都的建设休戚与共。刘秉忠修建大都城使鼓楼地区形成商业中心，郭守敬开凿通惠河使积水潭成为北京的古海港，周边地区形成斜街。随着河道形成街巷，人们为了方便抄近路出行，久而久之，走出了烟袋斜街。,https://r1.visitbeijing.com.cn/vbj-s/2020/0616/20200616022205213.jpg,暂无,,开放时间:全天,39.94076,116.39595,https://s.visitbeijing.com.cn/attraction/101270
东棉花胡同,呈东西走向，东起交道口南大街，西止南锣鼓巷，南邻板厂胡同，北有支巷通北兵马司胡同。全长448米，宽6米。两侧门牌3-39号，空缺1、37号;2-40号，空缺4、6、10等5个号。明朝属昭回靖恭坊，称棉花胡同。清朝属镶黄旗，沿称。据传，此处曾是棉花市场，故名。1979年为区别西城区棉花胡同改为东棉花胡同。现胡同内有中央戏剧学院、东城区城市管理监察大队交道口分队、交道口街道社会保障事务所等单位。,https://r1.visitbeijing.com.cn/vbj-s/2015/0811/20150811031719814.jpg,暂无,,开放时间:全天,39.942009,116.408755,https://s.visitbeijing.com.cn/attraction/101266
帽儿胡同,帽儿胡同是北京城最著名胡同之一，是京城十大胡同之一，排行第四位。帽儿胡同位于北京老城区地安门与鼓楼间，全长585米，宽7米。明朝时期帽儿胡同被称为梓潼庙文昌宫，帽儿胡同这个名字是从清朝时改的。文昌宫是供奉文昌帝的地方，文昌帝就是人们所知的文曲星，在神话中是掌管文运的神仙。如今，建在文昌宫基址的是帽儿胡同小学，帽儿胡同9号和11号是可园，是京城最有代表性的私家园林之一，35号、37号是末代婉容的故居，除了婉容之外，这条胡同内还住过很多名人，例如洪承畴和冯国璋。,https://r1.visitbeijing.com.cn/vbj-s/2015/0811/20150811025735759.jpg,暂无,,开放时间:全天,39.936379,116.398791,https://s.visitbeijing.com.cn/attraction/101259
荣禄故宅,荣禄故宅位于东城区交道口南，属于区级文物保护单位，荣禄故居宅院坐北朝南，共有3个部分，西边为洋式楼房，东边为住宅区，中间为花园，是五进院落。宅院包括倒座、过厅、正房、两进家祠，其中倒座房三间，过厅三间，都是硬山灰筒瓦顶，正房有三间，两则有耳房两间，前面是月台三出陛。东西厢房各有三间，带走廊，带雀替。院落的门窗和正房内的装修风格都是清朝时期的样式。原来院中间有个花园，但已全部拆除，改成了宿舍楼。这处宅院原是荣禄父亲的宅院，后来荣禄搬到了东厂胡同，菊儿胡同祖宅出售给了外人，因此被分割成多个宅院。,https://r1.visitbeijing.com.cn/vbj-s/2012/1206/20121206040821245.jpg,暂无,,开放时间：9：00-16：00,39.939335,116.407748,https://s.visitbeijing.com.cn/attraction/101217
茅盾故居,"茅盾故居著名的有两处，一处在乌镇，一处在北京，位于北京的茅盾故居在东城区交道口后面的圆恩寺胡同内，现属于市文物保护单位。茅盾先生于1974～1981年在此居住，故居的格局为二进四合院，总占地面积约878平方米。在院内门内影壁上镶有邓颖超题的“茅盾故居”。故居前院北房三间，东西厢房各三间，倒座房六间。
茅盾先生在解放后一直住在东四头条203号文化部宿舍，周扬和阳翰笙是他的邻居，1974年搬到了后圆恩寺，茅盾先生是在这个小院中度过了他最后的7年时光。茅盾先生逝世后，这处故居变为陈列馆，并对外开放。其中故居的前院有两个陈列室，陈列的物品是有关茅盾先生生前的照片和手稿、作品、信件等实物。后院正房6间安放着茅盾夫人孔德沾女士的黑漆镂花骨灰盒。",https://r1.visitbeijing.com.cn/vbj-s/2015/0810/20150810023801816.jpg,010-64040520,,开放时间：9：00-16：00（周一闭馆）,39.93861,116.40474,https://s.visitbeijing.com.cn/attraction/101202
砖塔胡同,"砖塔胡同位于西四牌楼附近，砖塔胡同这一名称，来自于矗立在胡同中的一座青砖古塔，这座塔是元代名臣耶律楚材的老师，金元之际的高僧万松老人的葬骨塔。万松老人塔的精确塔龄已不可考，但根据史料推断，肯定在六百年以上，而砖塔胡同的年龄亦应与此相仿。明人张爵所著《京师五城坊巷胡同集》（成书于嘉靖三十九年）、清人吴长元所著《宸垣识略》（成书于乾隆五十三年），均把砖塔胡同作为京城古迹加以收录，由此亦可以推断砖塔胡同历史之久远。
　　元代北京的胡同名称，保留到今天的已为数不多。位于西四丁字路口以西的砖塔胡同就是其中的一条，至今已有七百多年的历史了。
　　关于砖塔胡同的古老，我们可以从元人李好古的杂剧《张生煮海》中找到佐证。在剧的第一折中张生与龙女定情后，家童凑趣，与龙女的侍女梅香调情。家童云:“梅香姐，你与我些儿什么信物！”侍女云:“我与你把破蒲扇，拿去家里扇煤火去！”家童云:“我到哪里寻你？”侍女云:“你去那羊市角头砖塔胡同总铺门前来寻我。”足证元大都城里，已有砖塔胡同。至于“羊市”则应指砖塔胡同旁边的羊肉胡同，同样历史悠久。
　　砖塔胡同因胡同东口有一座八角七重檐的青灰色砖塔而得名。此塔名为",https://r1.visitbeijing.com.cn/vbj-s/2017/0417/20170417061300730.jpg,,,,39.885344,116.370655,https://s.visitbeijing.com.cn/attraction/120316
杨梅竹斜街,杨梅竹斜街长496米，东起煤市街，西到延寿街。明代称“斜街”，因为该街的走向自东北向西南倾斜，故得名。清朝乾隆十五年(1750年)《京城全图》中，标注为“杨媒斜街”。据说这是因为清朝前期这条斜街居住着一位善于说媒的杨媒婆。清朝光绪年间，谐音并雅化为“杨梅竹斜街”。1965年北京市整顿地名时，将喜兴胡同(杨梅竹斜街南侧短小的死胡同)以及一尺大街(位于杨梅竹斜街最西端，桐梓胡同至樱桃胡同北口之间)并入。杨梅竹斜街与附近的铁树斜街(原名李铁拐斜街)、樱桃斜街、棕树斜街(原名王广福斜街)都是人走出来的。元朝灭金朝后，元朝政府放弃金中都城，在金中都城东北面另建元大都城。金中都城的施仁门(位于今虎坊桥西侧)内的丁字街(位于今菜市口附近)是一个繁华市场。新建的元大都城的商业尚没有发展起来，所以大都城内的百姓很多都到中都城购买所需物品。出大都城丽正门(今正阳门)向西南到丁字街，逐渐被百姓们走出一条从东北向西南的道路，便是这些斜街的来历。日本编写的《北京案内》一书载:“在八大胡同，号称妓女八千。”建国以后，政府下令取缔娼妓，原先的妓女，经过学习、训练、治病，开始了新的生活。,https://r1.visitbeijing.com.cn/vbj-s/2016/0901/20160901032150528.jpg,暂无,,开放时间：全天,,,https://s.visitbeijing.com.cn/attraction/119565
北京郭守敬纪念馆,"北京郭守敬纪念馆于1988年建成并对社会开放,为北京市首批免费开放博物馆。先后被授予西城区爱国主义教育基地、北京市科普教育基地等多项称号。
纪念馆基本陈列以《世界名人郭守敬•世界遗产大运河》为主题，系统介绍郭守敬一生的功绩及其对北京城市历史发展的贡献。通过多种创新的展陈形式，生动地展示了郭守敬在中国古代天文、水利等方面所取得的成绩，更用心诠释了大运河在凝聚民族文化、承载中华传统方面的巨大成就。",https://r1.visitbeijing.com.cn/vbj-s/2019/1112/20191112030508926.jpg,010-83224626,,,39.948285,116.374217,https://s.visitbeijing.com.cn/attraction/118149
北京醇亲王府,醇亲王府位于后海北沿。前身是清初大学士明珠的宅第。乾隆五十四年封其十一子永瑆为成亲王，并将明珠府赐永瑆。随即按王府规制改建。此府传至毓橚时，被赐予醇亲王奕譞。奕譞的原王府在西城区太平湖东里(今中央音乐学院)。因光绪帝生于此府，成为潜邸，故光绪继位后醇王必须迁出。为区别，醇王原在太平湖的王府称南府，后海北沿的新王府称北府。,https://r1.visitbeijing.com.cn/vbj-s/2013/0108/20130108010010508.jpg,64044205,,,39.942532,116.387325,https://s.visitbeijing.com.cn/attraction/118071
北京鸦儿胡同,"鸦儿胡同：属西城区什刹海街道。东南起小石碑胡同，与烟袋斜街相连;西北至甘露胡同。元代称沿儿胡同，为后海北沿。明代称广化寺街。清代取沿儿胡同，谐音称鸭儿胡同、鸦儿胡同，为正黄旗地界。一直沿称。有市级文物保护单位广化寺。胡同内6号院为萧军故居。
鸦儿胡同是位于北京市西城区的一条很长的胡同。原名鸭儿胡同，明朝时被称作广化寺街，清初时因胡同位于後海北沿，因而被称为“沿儿胡同”随後被讹传为鸭儿胡同，1949年後北京市政府整顿胡同名称“改鸭为鸦”，称为鸦儿胡同。鸦儿胡同东头是北京城内最著名的一座石桥——银锭桥，整条鸦儿胡同沿着什刹海的北岸蜿蜒向西，与後海北沿平行，一直延伸到後海西沿的甘露胡同，胡同全长820米是北京城中比较长的胡同之一。
在全长近一公里的鸦儿胡同上分布着很多市区级文物保护单位和名人故居：如明代故刹广化寺;曾经是醇亲王府的宋庆龄故居;作家萧军的故居——“蜗蜗居”等。
广化寺建于明万历年间，清咸丰年间重修，是旧京名刹之一，清末民初，政府在广化寺筹建京师图书馆(今称中国国家图书馆)，直到1917年图书馆才迁出广化寺。目前广化寺是北京市文物保护单位，北京市佛教协会办公地，经常组织佛教",https://r1.visitbeijing.com.cn/vbj-s/2013/0108/20130108022629697.jpg,暂无,,,39.9126,116.36585,https://s.visitbeijing.com.cn/attraction/118070
北京陕西巷,"从乾隆年闻到1949年，陕西巷开的都是头等清吟小班。清吟小班并不只是皮肉生意，她们更多的是陪客人吃茶、宴饮、抚琴弹唱，弄曲填词。旧京妓女有“南班”、“北班。之分，“南班”——扬州、苏州、杭州一带的女子，文化素养高.色艺俱佳，能琴、棋、书、画、笙、管、丝、弦，略通诗词，多数还能做一手好菜。黄河以北的“北班”女子就差得太多了。赛盎花、小凤仙都是南班女子(小凤仙所在的云古班在陕西巷二十二号，现为陕西巷旅馆)。
内有酒楼，澡堂、药店、书茶馆、鸦片馆，自然，也有缝穷的、算命的，收破烂儿的、唱话匣子的。“两院一堂”——参议院、众议院，京师大学堂中的新贵旧贵都常光顾这里，如袁世凯的二儿子袁克文、名士杨度，云南都督蔡锷、四川都督伊昌衡。1923年曹锟竞选大总统，选票的价格就是在八大胡同的清吟小班里定的。
赛金花的怡香院现在是北京市皮革公司职工宿舍。共住着七户人家。
陕西巷，位于北京市宣武区大栅栏街道社区。为南北向胡同，南起珠市口西大街，北至铁树斜街，全长约500米。
陕西巷有着悠久历史，据《京城胡同徐瀛速写集》记载，明初，大量商户云集前门外地区，招商居货，此巷聚集了许多陕西籍的木材商囤积木料，",https://r1.visitbeijing.com.cn/vbj-s/2013/0106/20130106023608242.jpg,暂无,,,39.895767,116.392105,https://s.visitbeijing.com.cn/attraction/118059
校场口胡同,"校场口胡同位于宣武区西北部。东起宣武门外大街，西至老墙根街。因军队演武、操练得名。
明代有将军教场一二三四五条胡同地名 。清镶蓝旗驻宣武门内，营房设槐柏树街西侧。清时，各旗均在所在门外设教场、演武厅、熟练骑射、操练技务。清沿明而用之。此处的校场口当是校场的出入之地。后成街。教与校通用。1965年定今名。",https://r1.visitbeijing.com.cn/vbj-s/2013/0106/20130106112900932.jpg,暂无,,,39.893995,116.374002,https://s.visitbeijing.com.cn/attraction/118057
北京鲁迅故居,"北京市西城区阜成门内宫门口二条19号 ，是鲁迅1924 年至1926年在北京的住所。鲁迅(1881—1936)，原名周树人，浙江绍兴人，中国现代文学家、思想家。鲁迅一生撰写了许多著作，在此期间，他写下了《华盖集》、《续编华盖集》、《坟》、《野草》、《彷徨》等不朽作品，印行了《中国小说史略》、《热风》等著作，同时还主持编辑了《语丝》、《莽原》等周刊杂志。1979年，鲁迅故居被列为北京市文物保护单位。
北京阜成门内西三条21号鲁迅故居，是鲁迅1924年春自己设计改建的，同年5月搬来居住，一直到1926年8月，他离开北京，去到南方。1929年5月和1932年11月，鲁迅两次从上海回北京看望母亲，也是住在这里。",https://r1.visitbeijing.com.cn/vbj-s/2013/0105/20130105030051138.jpg,010-66164080,,,39.925818,116.35867,https://s.visitbeijing.com.cn/attraction/118052
北京护国寺,"护国寺是北京八大寺庙之一，始建于元代。原为元丞相托克托官邸，初名崇国寺(北寺)。明宣德四年(1429年)更名为大隆善寺。明成化八年(1472年)赐名为大隆善护国寺。清康熙六十一年(1722年)，蒙古王公贝勒修缮此寺，为圣祖祝寿，曾对寺庙大加修缮，名护国寺，又称西寺，与东寺隆福寺相呼应。
护国寺为北京名刹，始建于元代。明代刘侗、于奕正著《帝京景物略》云:“大隆善护国寺，都人呼崇国寺者，寺初名也。都人好语讹语，名初名。寺始至元，皇庆修之，延佑修之，至正又修之。元故有南北二崇国寺，此其北也。我宣德已酉，赐名隆善。成化壬辰，加护国名。正德壬申，敕西番大庆法王领占班丹、大觉法王着肖藏卜等居此，寺则大作。中殿三、旁殿八，最后景命殿。殿旁塔二，曰佛舍利塔。”寺前后五进。院中碑刻甚多，其中著名者为赵孟頫书《皇庆元年崇教大师演公碑》和危素撰并书《至正二十四年隆安选公传戒碑》等。寺内除供奉佛教诸佛祖外，还有元丞相脱脱夫妇塑像和辅佐明成祖朱棣建有殊勋的姚广孝影堂。另有葡萄园数亩，可见其规模之大。
护国寺小吃是以清真京味小吃品种为主。经过多年的发展品种也有变化。日常经营的品种有各种黏货。有各种细馅元宵，清",https://r1.visitbeijing.com.cn/vbj-s/2013/0104/20130104050358415.jpg,,,,39.935594,116.374459,https://s.visitbeijing.com.cn/attraction/118044
景山公园,"景山始建于辽金时期，距今已有近千年的历史。景山是我国历史最悠久、保存最完整的宫苑园林之一，曾经是皇宫的重要组成部分。1928年景山被辟为公园，1957年定为北京市重点文物保护单位，2001年批准为全国重点文物保护单位，属国家AAAA级景区。
景山位于北京城的中心，公园占地23万平方米，景山相对高度45.7米，海拔高度94.2米。景山始终保留着辽代的山；金代的围墙和宫门；元、明、清三代的古建筑群落保持完整。
明朝崇祯十七年（1644年），李自成率领40万农民起义军进攻北京，夏历三月十九日凌晨，崇祯皇帝登上景山，见大势已去，在景山自缢。1930年，故宫博物院在景山东麓立“明思宗殉国处碑”，1944年立“明思宗殉国三百年纪念碑”，使这里成为北京著名的人文景观。
景山山上五亭横列，中峰建有万春亭；东侧依次建有观妙亭和周赏亭；西侧依次建有辑芳亭和富览亭。登上景山，俯瞰北京，古都风貌尽收眼底，美不胜收。
景山园林特色是有牡丹、芍药等花卉几万株。景山春天有牡丹展、夏天有荷花展、秋天有秋实秋菊展，三季花团锦簇，四季松柏常青。
景山公园开放时间
11月-03月：早6:30-晚20:00，晚1",https://r1.visitbeijing.com.cn/vbj-s/2015/1130/20151130043434740.jpg,010-64038098，010-64038090,,11月-03月：早6:30-晚20:00，晚19:30止票04月-10月：早6:30-晚21:00，晚20:30止票,39.92641,116.39381,https://s.visitbeijing.com.cn/attraction/117811
恭王府,"在风景秀丽的北京什刹海的西南角，有一条静谧悠长、绿柳荫荫的街巷。在这条街巷之中，坐落着一座王府，它就是现存王府中保存最完整的恭王府。恭王府的前身原为清代乾隆朝权臣和珅的第宅和嘉庆皇帝的弟弟永璘的府邸。 恭王府作为清朝亲王的府邸，其建筑布局规整、工艺精良、楼阁交错，充分体现了皇室辉煌富贵的风范和民间清致素雅的风韵。恭王府由府邸和花园两部分组成，南北长约330米，东西宽180余米，占地面积约61120平方米，其中府邸占地32260平方米，花园占地28860平方米。
府邸建筑分东、中、西三路，每路由南自北都是以严格的中轴线贯穿着的多进四合院落组成。中路最主要的建筑是银安殿和嘉乐堂，殿堂屋顶采用绿琉璃瓦，显示了中路的威严气派，同时也是亲王身份的体现。东路的前院正房名为多福轩，厅前有一架长了两百多年的藤萝，至今仍长势甚好，在京城极为罕见。东路的后进院落正房名为“乐道堂”，是当年恭亲王奕欣的起居处。西路的四合院落较为小巧精致，主体建筑为葆光室和锡晋斋。精品之作当属高大气派的锡晋斋，大厅内有雕饰精美的楠木隔段，为和珅仿紫禁城宁寿宫式样（此为和珅僭侈逾制，是其被赐死的“二十大罪”之一）。府邸最深处横",https://r1.visitbeijing.com.cn/vbj-s/2015/1120/20151120053158186.jpg,010-83288149,,旺季：8：00-17：00（停止入园时间：17: 00）4月1日-10月31日淡季：9：00-16：00（停止入园时间：16: 00）11月1日-次年3月31日【除国家法定节假日外，实行周一闭馆维护（遇重大活动或特殊事由，开放时间另行安排）。】,39.93578,116.38735,https://s.visitbeijing.com.cn/attraction/117810
北海公园,"北海公园(Beihai Park)，位于北京市中心区，城内景山西侧，在故宫的西北面，与中海、南海合称三海。属于中国古代皇家园林。全园以北海为中心，面积约71公顷，水面占583市亩，陆地占480市亩。这里原是辽、金、元建离宫，明、清辟为帝王御苑，是中国现存最古老、最完整、最具综合性和代表性的皇家园林之一，1925年开放为公园。是中国保留下来的最悠久最完整的皇家园林。
北海公园内亭台别致，游廊曲折。全园以神话中的“一池三仙山”（太液池、蓬莱、方丈、瀛洲）构思布局，形式独特，富有浓厚的幻想意境色彩。这里水面开阔，湖光塔影，苍松翠柏，花木芬芳，亭台楼阁，叠石岩洞，绚丽多姿，优如仙境。琼岛上有高67米的藏式白塔（建于1651年），还有清乾隆帝所题燕京八景之一的琼岛春阴碑石及假山、邃洞等。东北岸有画舫斋、濠濮涧、镜清斋、天王殿、五龙亭、九龙壁等建筑；其南为屹立水滨的北海团城，城上葱郁的松柏丛中有造型精巧的承光殿。北海公园属于皇上的娱乐地方。其九龙壁最有名。
北海是中国历史园林的艺术杰作。全园占地69公顷（其中水面39公顷），主要由琼华岛、东岸、北岸景区组成。琼华岛上树木苍郁，殿宇栉比，亭台楼阁",https://r1.visitbeijing.com.cn/vbj-s/2015/1127/20151127044202322.jpg,010-64037972,,旺季（4月1日-10月31日）：6:00开园，20:30停止入园，21:00闭园。 淡季（11月1日-3月31日）：6:30开园，19:30停止入园，20:00闭园。景点院落开放时间 :包括团城、永安寺、阅古楼、画舫斋、静心斋、快雪堂、小西天、西天梵境、阐福寺、万佛楼遗址。 旺季（4月1日-10月31日）：8:00开门，17:30停止进入，18:00关门。 淡季（11月1日-3月31日）：8:30开门，16:30停止进入，17:00关门。 以上景点除团城外，其他逢周一关闭（法定节假日除外）。,39.924839,116.388417,https://s.visitbeijing.com.cn/attraction/117807
宋庆龄故居,"宋庆龄同志故居坐落在北京风景秀丽的什刹海后海北沿。门前水天相映、碧波涟漪，堤岸杨柳轻扬，院内曲径回廊，楼堂亭榭；湖水环绕，山石嶙峋；绿树浓荫，花香四溢。是一处雍容典雅、幽静别致的庭园。故居占地面积两万多平方米，建筑面积约五千平方米。原是中国末代皇帝爱新觉罗·溥仪的父亲醇亲王载沣的府邸花园，也称西花园。
　　中华人民共和国成立后，党和政府就计划为宋庆龄在北京修建一处住所，但她一再逊谢。1962年，周恩来总理受党和政府的委托，亲自筹划，决定藉此王府花园，精心设计改造葺旧更新，在原来主体建筑迤西，接建一座“中西合璧”的二层主楼，作为宋庆龄的住所。1963年4月，宋庆龄迁居于此，1981年5月29日逝世，共在这里工作生活了18个春秋。1981年5月16日，全国人大常委会决定授予宋庆龄同志“中华人民共和国名誉主席”荣誉称号。1981年10月中央决定把此处住所命名为“中华人民共和国名誉主席宋庆龄同志故居”，并由国务院确定为全国重点文物保护单位。之后，在邓颖超、廖承志等中央领导同志的亲切关怀和直接领导下，对故居进行了全面修整，保留和恢复了宋庆龄生前工作、生活原貌，以其原状进行陈列，在全国范围内",https://r1.visitbeijing.com.cn/vbj-s/2015/0512/20150512020452549.jpg,010-64044205-815、010-64044205、010-64015256,,夏令：9：00-17：30，17：00停止入场，周一固定闭馆冬令：9：00-16：30，周一固定闭馆,39.943287,116.387587,https://s.visitbeijing.com.cn/attraction/117034
北京大观园,"大观园是一座再现中国古典文学名著《红楼梦》中“大观园”景观的仿古园林，位于宣武区南菜园（市区西南隅护城河畔）。原址为明清两代皇家菜园，明代曾在此设“嘉疏署”。1984年为拍摄电视剧《红楼梦》，经红学家、古建筑家、园林学家和清史专家共同商讨，按作者在书中的描述，采用中国古典建筑的技法和传统的造园艺术手法建造。园中的园林建筑、山形水系、植物造景、小品点缀等，均力图忠实于原著的时代风尚和细节描写，《红楼梦》中的大观园是为贾府大小姐元春而建的省亲别墅，因此园中定期举办“元妃省亲”古装表演。
大观园总面积12.5公顷，建筑面积8千多平方米，开辟水系24000平方米，堆山叠石6万土石方。全园有庭院景区五处、自然景区三处、佛寺景区一处、殿宇景区一处，共有景点四十多个。大观园在每年农历春节初一至初六举办“红楼庙会”。庙会内容包括：文艺演出、民间花会、风味小吃、民俗活动等。其中“元妃省亲”古装巡游是大观园文化庙会的传统项目和独有的特色。每年农历八月十五期间还举办“北京大观园‘中秋之夜’”。活动以文艺演出、赏月团聚、观赏夜景为内容，每届举办3至4天，是京城中秋活动的传统品牌项目。
",https://r1.visitbeijing.com.cn/vbj-s/2015/0715/20150715023213303.jpg,010-63582011、010-63544993,,开放时间：旺季（4月1日—10月31日）开园时间：7：30时—18：00时（17：30时静园）；淡季（11月1日—3月31日）开园时间7：30时—17：00时（16：30时静园）,39.871574,116.355916,https://s.visitbeijing.com.cn/attraction/101918
洵贝勒府,"洵贝勒府在西单北大街110号。宅第坐北朝南，西界临西单北大街。现宅路北的垣墙和一组四合院均保存完整。宅第坐北朝南，府西至今西单北大街,北邻今灵境胡同,东在今府墙。府邸建筑3路分布,所有房屋均为硬山过垄脊筒瓦顶,规制已不能同清初王府相比。民国期间，载洵将府邸分售给孔教大学及奉军将领万福林。几经易主后拆除部分建筑，孔教大学处已建成机关大楼，仅存东部的一个四合院。现东部、南部的部分府墙犹存。东路三进院有前厅、中厅、后厅和配房、耳房,垂花门和游廊与后厅相连。中路有正房2栋和前院东西厢房、耳房。西路两进院落有正房、东西厢房和耳房,均有廊相连。现存文物建筑72间,部分主体建筑内仍保存较精美的木质装饰,建筑面积约为2407平方米。
洵贝勒府，载洵为醇贤亲王奕第七子,摄政王载沣之弟。清光绪二十八年(1902)载洵过继给端郡王奕为嗣,袭贝勒，光绪三十四年加郡王衔。宣统初年协助其兄摄政王,任海军大臣,清宣统二年(1910)赴美考察军政,在旧金山登陆时遭爱国华侨邝佑治行刺未遂,辛亥革命后长期居住天津直到亡故。载洵入继时原在平安里西大街的端王府已被八国联军烧毁,故在东槐里立府。",https://r1.visitbeijing.com.cn/vbj-s/2012/1206/20121206113049820.jpg,暂无,,,39.9146,116.37407,https://s.visitbeijing.com.cn/attraction/101814
民国国会议场,"北京民国国会议场(旧址)在西城区宣武门西大街57号。清宣统二年（1910年），在明清两朝养象房旧地设谘议机关———资政院。辛亥革命后改为国会议场。国会由参众两院组成，参议院在西，众议院在东。参议院设在清末法律学堂内，今为新华社印刷厂。众议院院址在原资政院，就是现在的新华社大院内。
　　北洋政府垮台后，国会驻地改为北平大学法学院，抗日战争期间，日寇改为新民学院，1946年到1949年年初为北京大学第四院使用。华北大学由石家庄迁至北京，这里遂成为华北大学三部所在地，后又改为新华通讯社社址。
　　时过境迁，民国北京国会的旧建筑有些已经无存了，只留下旧国会的圆楼和红楼等建筑。在新华社后院里有民国国会议场，当时为参众两院开会之地，现作为新华社大礼堂使用。议场坐北朝南，为砖木结构，建筑形式简单但是庄严肃穆。
　　在红楼的西侧是著名的国会圆楼，圆楼是当时国会的办公楼，2层为北洋政府总统和议长开会的地方。圆楼的名字有些“名不副实”，按照一般人的思维，圆楼必是外形是圆形的楼房建筑，但是这座圆楼外形可不是圆形的，而是方的。它叫了圆楼名是因其主楼呈椭圆形而得名。议场北面是两座红楼，分为南北两栋，因",https://r1.visitbeijing.com.cn/vbj-s/2012/1208/20121208032234819.jpg,暂无,,,39.899088,116.369287,https://s.visitbeijing.com.cn/attraction/101792
梅兰芳纪念馆,"梅兰芳纪念馆是一座典型的两进院落四合院，占地716平方米，是梅兰芳先生生前最后10年的居所。
　　此院原为清末庆亲王奕王府的一部分，解放后经过修缮，梅兰芳先生搬到这里居住。梅兰芳先生1961年逝世后，周总理提议建立一座梅兰芳纪念馆，梅先生的亲人将家中珍藏的照片、剧本、纪念品等共3万余件文物、资料捐给国家。1986年10月，邓小平同志亲自题写的梅兰芳故居匾额，正式悬挂在故居的门额上。前院辟为展厅，以大量的照片、实物介绍了梅先生的艺术生涯。梅先生8岁起学习京剧，11岁登台，饰演青衣兼刀马旦，被誉为的撁放梢帐鯏。新中国成立后，梅兰芳当选为全国文联、剧协的副主席，并担任中国戏剧研究院院长等职，为我国文艺事业的繁荣与发展做了大量的工作。
　　后院的三间北房保持了故居原貌。会客厅内摆放着梅先生使用过的硬木家具及练功用的穿衣镜、鸽子哨等、西墙上挂着清代画家沈蓉圃的《同光十三绝》，客厅的里间是起居室，东耳房是卧室，西耳房是书房，西厢房也辟为陈列室，主要展示梅先生的文化业绩。东厢房则专设为录像室，再现梅先生的艺术风采。",https://r1.visitbeijing.com.cn/vbj-s/2012/1208/20121208021554393.jpg,010-83223598转8001,,,39.93542,116.37974,https://s.visitbeijing.com.cn/attraction/101789
李大钊故居,"李大钊故居位于北京市西城区文华胡同24号，北京市级文物保护单位，西城区爱国主义教育基地。李大钊于1916年夏至1927年春在北京工作生活10年，先后居住过8个地方。1920年春至1924年1月，李大钊及其家人在原石附马大街后宅35号(今西城区文华胡同24号)北院居住，这是他在故乡之外与家人生活时间最长的一处居所。1979年被公布为北京市文物保护单位。
　　故居为一小三合院，占地面积约550平方米，有北房3间，东、西耳房各2间，东、西厢房各3间。其中北房东屋为李大钊夫妇的卧室，东耳房为李大钊的长女李星华的卧室，东厢房北间为李大钊长子李葆华的卧室，南间是客房。西厢房为李大钊的书房。
　　党史专家一致认为，北京李大钊故居是李大钊传播马克思主义、创办中国共产党、领导北方工人运动、促成第一次国共合作等一系列革命实践活动最具代表性的历史见证。
　　李大钊所提出的关于中国革命的性质、任务、特点等一系列论述，为中国共产党开创了把马克思主义与中国革命具体实践相结合的光辉先例，他的大量论著，有待于我们继续进行深入的探索和研究。",https://r1.visitbeijing.com.cn/vbj-s/2012/1208/20121208011655278.jpg,010-66089208,,,,,https://s.visitbeijing.com.cn/attraction/101784
会贤堂旧址,会贤堂旧址在西城区什刹海前海北沿19号。是北京八大堂之一，原是清光绪时礼部侍郎斌儒的私第。旧址占地近3000平方米，建筑面积约1800平方米。前部改建成重楼。原有戏台、瓦房、平房100余间。二楼有栏杆可凭望什刹海。大门的马头墙上挂有“会贤堂饭庄”的铜牌，大门的门簪上书“群贤毕至”四字，是文人墨客聚会的场所，也是唱堂会的地方。后歇业，为辅仁大学购买。,https://r1.visitbeijing.com.cn/vbj-s/2012/1208/20121208115141436.jpg,010-84676415,,,39.9126,116.36585,https://s.visitbeijing.com.cn/attraction/101777
龚自珍故居,]位于宣武门外上斜街50号，晚清思想家、史学家龚自珍在此住过5年，离开时将这座宅院卖给广东番禺人潘仕成，潘将其赠给番禺在京同乡会，院子被改为广东番禺会馆。,https://r1.visitbeijing.com.cn/vbj-s/2016/0613/20160613050840311.jpg,暂无,,旺季：9:00至17:00淡季：9:00至17:00,,,https://s.visitbeijing.com.cn/attraction/101771
定亲王府,全府占地40余亩。西墙就是今‘沙锅居’一带，东到今九三学社，房屋400余间。府内设有管事处、买办处、庄园处、随侍处、回事处等，负责管理财政，征收地租，跟班等事务。,https://r1.visitbeijing.com.cn/vbj-s/2012/1209/20121209104153287.jpg,暂无,,旺季：9:00至17:00淡季：9:00至17:00,39.919051,116.373417,https://s.visitbeijing.com.cn/attraction/101767
鲁迅博物馆,鲁迅博物馆主要担负着鲁迅遗著遗物的征集与保管、鲁迅研究与研究生培训、鲁迅文化的宣传与展示等任务。有资料显示，该馆馆藏文物、图书等藏品97602余件。,https://r1.visitbeijing.com.cn/vbj-s/2012/1209/20121209102646879.jpg,010-66164080,,旺季：9:00-15:30星期一闭馆淡季：9:00-15:30星期一闭馆,37.862984,116.175424,https://s.visitbeijing.com.cn/attraction/101756
钱市胡同,钱市胡同位于北京市珠宝市街西侧，临近著名的商业区大栅栏。历史上和现在一直是北京最窄的胡同。胡同全长55米，平均宽仅0.7米，最窄处仅0.4米，两人对面走过都要侧身而行，街内南北共有九组建筑。 一个人推着一辆自行车就难以通行了。尽端是一庭院，上有罩棚，旁有铺房，是清代官办的银、钱交易的“钱市”遗存，是早期金融市场的雏形。,https://r1.visitbeijing.com.cn/vbj-s/2012/1206/20121206054259478.jpg,暂无,,开放时间：全天,39.896352,116.397635,https://s.visitbeijing.com.cn/attraction/101371
庄亲王府,庄亲王府原在西四北太平仓，向北直到麻状元胡同。太宗第五子硕塞于顺治元年被封为承泽郡王。顺治八年以功晋为亲王。硕塞第一子博果铎于顺治十二年(1655)袭亲王，改号曰庄。此后均以庄亲王承袭。庄亲王载勋曾在王府设立拳坛。八国联军入侵其府被焚。20年代，北洋军阀李纯及其弟馨买下庄王府，拆除王府建筑，在此建房，称为平安里。“平安里”门额砖雕保存在西城区文化文物局。后在此地又开辟为平安里大街(并入地安门西大街)。其址被分割成南北两区。今太平仓西口路北。为庄亲王府的前部遗址。,https://r1.visitbeijing.com.cn/vbj-s/2012/1207/20121207041635963.jpg,暂无,,开放时间:8：00 — 17：00,39.931482,116.374951,https://s.visitbeijing.com.cn/attraction/101317
琉璃厂,"琉璃厂大街位于北京和平门外，是北京一条著名的文化街，它起源起于清代，当时各地来京参加科举考试的举人大多集中住在这一带，因此在这里出售书籍和笔墨纸砚的店铺较多，形成了较浓的文化氛围。这里经营古玩字画的店铺很多。大多数外国人来京旅游都要到这里。
闻名中外的京城琉璃厂文化街，位于现在北京的和平门外，西至宣武区的南北柳巷，东至宣武区的延寿寺街，全长约800米。实际上从历史上远在辽代，这里并不是城里，而是郊区，当时叫“海王村”。后来，到了元朝这里开设了官窑，烧制琉璃瓦。自明代建设内城时，因为修建宫殿，就扩大了官窑的规模，琉璃厂成为当时朝廷工部的五大工厂之一。到明嘉靖三十二年修建外城后，这里变为城区，琉璃厂便不宜于在城里烧窑，而迁至现在的门头沟区的琉璃渠村，但“琉璃厂”的名字则保留下来，流传至今。
　　清初顺治年间，在京城实行“满汉分城居住”。而琉璃厂恰恰是在外城的西部，当时的汉族官员多数都住在附近，后来全国各地的会馆也都建在附近，官员、赶考的举子也常聚集于此逛书市，使明朝时红火的前门、灯市口和西城的城隍庙书市都逐渐转移到琉璃厂。各地的书商也纷纷在这里设摊、建室、出售大量藏书。繁华的市井，便利",https://r1.visitbeijing.com.cn/vbj-s/2012/1207/20121207100741593.jpg,010-63024929,,开放时间:全天,39.899072,116.381259,https://s.visitbeijing.com.cn/attraction/101294
静明园,"静明园位于北京市海淀区玉泉山小东门外,颐和园昆明湖西。占地75公顷，其中水面13公顷。为""三山五园""之一。金代始建芙蓉殿(亦名玉泉行宫)。明正德年间(1506～1521)建上下华严寺。清康熙十九年(1680)建行宫，初名澄心园，三十一年(1692)更名静明园。乾隆年间大规模扩建，形成""静明园十六景""，时为静明园鼎盛时期。
　　玉泉山，金、元以来的“燕京八景”之一，名曰“玉泉垂虹”，清乾隆时改称“泉趵突”，并赐为“天下第一泉”。玉泉山最早的建筑为金章宗避暑之所“芙蓉殿”，称玉泉行宫。玉峰塔，位于玉泉山主峰，为八角七级仿木构楼阁式石塔，高47.7米，""玉峰塔影""为十六景之一;华藏塔，为八角七级密檐式汉白玉石塔;澄照关，关上雉堞相连，高逾6米;楞伽洞，洞中大量清代密宗摩崖造像，艺术价值极高。 至明代正统年间，明英宗在此建上、下华严寺，及金山寺、崇真观、望湖亭等建筑。清康熙十九年(1680年)将玉泉山辟为行宫，名“澄心园”，康熙三十一年(1692年)改名为“静明园”。乾隆十五年(1750年)再次大加修葺，增建了玉峰塔等景观并命名了“静明园十六景”。其中“玉峰塔影”“裂帛湖光”“玉泉趵突”",https://r1.visitbeijing.com.cn/vbj-s/2016/0712/20160712031955451.jpg,暂无,,开放时间：不对外开放,39.995466,116.243466,https://s.visitbeijing.com.cn/attraction/119057
黑龙潭龙王庙,从颐和园往西，沿京密引水渠边的温颐公路前行，过了冷泉村，就进入了温泉镇的地界。顺着宽阔的公路，迎面便见一座绿树葱茏的小山，名为画眉山，山顶一座红墙黄瓦、金碧辉煌的庙宇赫然映入眼帘。这就是远近闻名的黑龙潭龙王庙。据《帝京景物略》记载，“黑龙潭在金山口北，依岗有龙王庙，碧殿丹垣，廊前为潭，土人云有黑龙潜其中，故名黑龙潭。”当地人相传黑龙是东海龙王的儿子，有一年它外出归来，发现自己栖身的龙潭被一条白龙霸占，这白龙经常幻化成白衣秀士为非作歹，伤害百姓，富有正义感的黑龙与白龙在半空中展开殊死拼杀，最终将白龙摔死在画眉山上，黑龙得以重返黑龙潭。传说画眉山上一块大石头至今还留有深深的沟槽，被当地父老称为“摔龙石”。,https://r1.visitbeijing.com.cn/vbj-s/2015/0909/20150909043920486.jpg,,,,40.009809,116.203093,https://s.visitbeijing.com.cn/attraction/118424
白家疃怡贤王祠,"白家疃村是温泉地区见于历史记载较早的村子。从京城翻过红山口去往温泉、南口、北安河、妙峰山，白家疃是必经之地。白家疃村沿三柱香、黄道岭、半天云岭北麓东西延伸，村落狭而长，三里长街从村中而过，街两边布满商铺小店，往来行人不绝，是当地一个交通和商业的中心。
　　据传说，白家疃原名白纸滩。多年以前，村子里有一个世代以剪纸谋生的艺人名叫张忠，手艺精巧，远近闻名，因而村名叫作白纸疃，时间久了就被叫成白家疃。另一种说法是，早期这里的人们以制做盔甲为生，将制作出的盔甲摆出来供人观赏选用，又叫作摆甲疃。
　　至于从什么年代改为现在的名字，还无有考证。但我们从明代文献的记载中已见到有白家疃的记载。",https://r1.visitbeijing.com.cn/vbj-s/2015/0909/20150909041901370.jpg,,,,40.071342,116.192889,https://s.visitbeijing.com.cn/attraction/118423
北京上庄纳兰性德史迹陈列馆,北京上庄纳兰性德史迹陈列馆坐落在海淀区上庄镇翠湖水乡旅游渡假区内，占地面积22亩。建筑风格为砖木结构仿清四合院格局，重檐彩绘，回廊琐窗，具有浓厚的传统园林风格。纳兰性德史迹陈列馆是一家专题史迹陈列馆，集文物收藏、学术研究和社会教育功能为一体，同时还具备集休闲、娱乐和餐饮为辅助和综合功能，为顾客提供服务。纳兰性德生前曾在上庄生活、居住，死后就埋葬在这里。他的父亲明珠在清代康熙年间，任武英殿大学士达十年之久。纳兰性德身为红楼朱邸中贵公子，却品行高洁，勤奋好学，有多种著作传世。他是拥有读者最多、影响力最大的清代词人。馆内以大量的历史文献资料、实物全面展示了纳兰性德的生平与创作，反映了近百年来纳兰研究的各方面学术状况，展览力求学术性、观赏性和地方特点的统一。纳兰性德史迹陈列馆毗邻几百亩的翠湖水面，这里环境优美，空气清新，景色怡人。是人们远离喧闹的都市，休闲、渡假、观光的好地方。,https://r1.visitbeijing.com.cn/vbj-s/2013/0329/20130329015307897.jpg,010-80713599,,,40.106348,116.19786,https://s.visitbeijing.com.cn/attraction/118163
曹雪芹纪念馆,"曹雪芹纪念馆在海淀区四季青乡正白旗村。是我国清代伟大的现实主义作家曹雪芹晚年居住的地方。1983年4月22日开馆。傅杰题写匾额“曹雪芹纪念馆”。
一代文豪曹雪芹历经人间悲凉，在北京香山一带居住创作了《红楼梦》,也留下了很多优美动人的传说。1963年，红学家在香山老旗人口中得知，曹雪芹的朋友鄂比曾经送给曹雪芹一副对联：“远富近贫，以礼相交天下少;疏亲慢友，因财绝义世间多。”1971年在第四间屋子西墙上发现了这一对联。结合相关资料和物证，人们认为这里就是曹雪芹在西山的一处故居。1984年，北京植物园以发现“题壁诗”的房屋为中心，结合周边旗营建筑，建立起中国第一家曹雪芹纪念馆。到目前为止，该纪念馆是唯一一处与曹雪芹、《红楼梦》有直接关系的地方。
馆藏主要有与曹雪芹身世相关的文物，曹雪芹一家与正白旗村有关的文物，以及名著《红楼梦》所描述的实物仿制品等。",https://r1.visitbeijing.com.cn/vbj-s/2013/0106/20130106112039757.jpg,010-62591561,,,39.994215,116.21537,https://s.visitbeijing.com.cn/attraction/118056
圆明园遗址公园,"圆明园坐落在北京西郊海淀区，与颐和园紧相毗邻。它始建于康熙46年(1709年)，亦称“圆明三园”，是圆明园及其附园长春园、万春园的统称，是清代行宫式御园，占地350公顷(5200余亩)，其中水面面积约140公顷(2100亩)，有园林风景百余处，是清朝帝王在150余年间创建和经营的一座大型皇家宫苑。
　　“圆明园”由康熙皇帝命名。“圆明”是雍正皇帝自皇子时期一直使用的佛号。康熙皇帝在把园林赐给胤禛(后为雍正皇帝)时，亲题园名为“圆明园”正是取意于此。雍正皇帝解释说“圆明”二字的含义是：“圆而入神，君子之时中也;明而普照，达人之睿智也。”意思是说，“圆”是指个人品德圆满无缺，超越常人;“明”是指政治业绩明光普照，完美明智。
　　圆明园继承了中国三千多年的优秀造园传统，既有宫廷建筑的雍容华贵，又有江南水乡园林的委婉多姿，同时，又吸取了欧洲的园林建筑形式，把不同风格的园林建筑融为一体，在整体布局上使人感到和谐完美，体现了中国古代造园艺术之精华，是当时最出色的一座大型园林。乾隆皇帝说它：“实天宝地灵之区，帝王豫游之地，无以逾此”。圆明园不仅以园林著称，而且也是一座收藏相当丰富的皇家博物馆",https://r1.visitbeijing.com.cn/vbj-s/2015/1203/20151203052827223.jpg,010-62543673,,开放时间：4 月1日至 10 月31日，公园大门 6:00 开园，7:00 开始售票，19:00停止售票、停止入园，21:00 闭园；西洋楼遗址景区 7:00 开门，19:00 停止进入，21:00 关门；盛时全景模型展景区 7:00 开门，19:00 关门11月1日至次年 3月31 日，公园大门 6:30 开园，7:00 开始现场售票，17:30 停止售票、停止入园，19:30 闭园；西洋楼遗址景区 7:00 开门，17:30 停止进入，19:30 关门；盛时全景模型展景区 7:00 开门，17:30 关门。,40.007671,116.304407,https://s.visitbeijing.com.cn/attraction/101422
清华园,"“清华园”之名，是清代咸丰皇帝所赐。清华园原址为清康熙年间所建的熙春园的一部分。道光年间，清华园被分成东西两个园子，西边的园子起名为“近春园”;东边的园子仍名为“熙春园”。咸丰登基之后，就将东边的熙春园改名为“清华园”了。
今“清华园”工字厅后面的匾额题“水木清华”四字，两旁有对联一副曰：槛外山光历春夏秋冬万千变幻都非凡境;窗中云影在东西南北去来澹荡洵是仙居。这“水木清华”四字典出晋谢叔源的《游西池》诗，“景昃鸣禽集，水木湛清华。”这“湛”为澄清之意。因工字厅后有池，故有谢氏诗句，题为“水木清华”。",https://r1.visitbeijing.com.cn/vbj-s/2012/1207/20121207033949818.jpg,010-62785001,,开放时间:8:00-17:00,39.999690,116.318291,https://s.visitbeijing.com.cn/attraction/101329
八达岭水关长城景区,"位于北京市西北40公里，此段长城是八达岭长城东段，因修建中国第一条自主设计的京张铁路而截断。水关长城是明长城的遗址，由抗倭名将戚继光督建，距今有四百余年历史。此段长城建于险谷口，自水门箭楼长城呈“V”字型，顺应山势而行，如巨龙似鲲鹏展翅欲飞，箭楼即是敌楼同时兼具水门功效，此种建筑方式在沿线长城中极为罕见，故名水关长城。水关长城地势险要，苍龙起伏于崇山峻岭之间，穿行于悬崖峭壁之上，城堡相连，烽燧向望，双面箭垛，拒敌万千。水关长城东起“川字一号”，西至京张铁路，全长6.8公里，以奇、险、陡、坚著称。
",https://r1.visitbeijing.com.cn/vbj-s/2021/0928/20210928171223479.jpg,010-61118002、010-81181185，010-81181038,,夏令：9：00-16：30，16：30停止入场冬令：9：00-16：00，16：00停止入场,40.343504,116.051155,https://s.visitbeijing.com.cn/attraction/117872
中国长城博物馆,"中国长城博物馆位于北京延庆区八达岭，背依长城而建，1994年9月6日正式对外开放，是一座展室长城的历史和博大精深的文化内涵的专题性博物馆。
　　江泽民为该馆题写了馆名。馆舍外观为长城状，庄严威武，与长城浑然一体，交相辉映。馆内展线设计独特，通道高低逶迤，宛如长城起伏，处处可见“雄关”、“隘口”、“风燧”、“敌台”，仿佛置身于嘉裕关到山海关的万里长城之上。基本陈列由“历代长城”、“明代长城”、“建置装备”、“长城征战”、“经济文化交流”、“民族艺术宝库”、“爱我中华修我长城”七个部分组成，展示了长城产生和发展的基本脉络，长城建筑的结构与布局，历史上发生在长城内外的重大战役及长城沿线分布的历史名胜、人文景观，再现了长城内外兄弟民族长期共同发展、相互交融的史实及全国各民族、世界各国人民对长城的关心与爱护。展览集中了全国长城沿线各地出土的文物、标本精华，辅以翔实的历史文献、照片和模型，对长城这一中华民族的象征进行了详尽的表述。同时部分采用了高科技展陈手段模拟出长城攻战场面，烘托气氛，使它有别于同类馆的长城专题陈列，增添了可视性与趣味性。
　　中国长城博物馆它共分为九个展厅，展览面积32",https://r1.visitbeijing.com.cn/vbj-s/2021/0928/20210928174513702.jpg,010-69121890,,旺季：9:00-17:00（周一闭馆）淡季：9:00-16:30（周一闭馆）,40.360067,116.001542,https://s.visitbeijing.com.cn/attraction/101639
八达岭长城风景名胜区,"八达岭长城位于北京市延庆区军都山关沟古道北口，史称天下九塞之一，是长城重要关口居庸关的前哨，在明长城中保存最好，也最具代表性，因此是万里长城向游人开放最早的地段。
八达岭长城其关城为东窄西宽的梯形，建于明弘治十八年（1505年），嘉靖、万历年间曾修葺。关城有东西二门，东门额题“居庸外镇”，刻于嘉靖十八年（1539年）；西门额题“北门锁钥”，刻于万历十年（1582年）。两门均为砖石结构，券洞上为平台，台之南北各有通道，连接关城城墙，台上四周砌垛口。
古称“居庸之险不在关而在八达岭”。该段长城地势险峻，居高临下，集巍峨险峻、秀丽苍翠于一体，1953年修复关城和部分城墙后，辟为游览区。经多次整修，可供游览地段达3741米，其中南段1176米、北段2565米，共有敌台１６座。1961年３月“万里长城——八达岭”被确定为第一批国家级文物保护单位；1982年被列为国家重点风景名胜区；1986年被评为全国十大风景名胜之首；1987年被联合国教科文组织列入《世界文化遗产名录》；1992年被评为“北京旅游世界之最”中的第一名；1995年八达岭长城被中国关心下一代工作委员会命名为“全国爱国主义教育基地",https://r1.visitbeijing.com.cn/vbj-s/2023/0331/9a504062b4701e88791b01d734bc190e.jpg,010-6111 8002,,旺季开放时间（4月1日-10月31日）：6:30-16：30淡季开放时间（11月1日-3月31日）：7:30-16：00,40.360488,115.986366,https://s.visitbeijing.com.cn/attraction/101406
十三陵·神路,"神道是明十三陵的前导部分，由石牌坊、大红门、神功圣德碑亭、石像生、龙凤门等一系列墓仪设施组成。
石牌坊，位于神道的起点，用白石雕刻而成，是我国现存石牌坊中最大的一座，牌坊形制仿木结构，线条柔美流畅。牌坊向北依次是大红门和神功圣德碑亭，碑亭四面各辟券门，内竖神功圣德碑，碑为白石雕成，高7.91米，碑身刻明仁宗朱高炽为其父朱棣撰写的碑文。碑亭的北面是排列长达800米的石望柱和石人石兽，石兽依次为狮、獬豸、骆驼、象、麒麟、马，各二卧二立，后为石人12尊，为将军、文臣和勋臣。石像生造型生动，雕工精细，具有很高的文物和艺术价值，堪称我国石雕艺术博物馆。",https://r1.visitbeijing.com.cn/vbj-s/2016/1122/20161122043547853.jpg,010-60761422,,旺季：早08：00-晚17：30（4月1日至10月31日）淡季：早08：30-晚17：00（11月1日至次年3月31日）,,,https://s.visitbeijing.com.cn/attraction/118373
十三陵·长陵,"明十三陵之首陵—长陵，是明朝第三位皇帝成祖朱棣和皇后徐氏的合葬陵墓，是十三陵中建筑最早、面积最大、规模最宏伟、保存最完整、用料最考究的陵寝。陵内用于祭祀的陵恩殿是我国现存最大的楠木殿之一，陵恩殿建筑在汉白玉雕刻的三层台基上，金砖铺地，所有木件全部为金丝楠木加工而成，古色古香，一米多直径，十二米高的六十根金丝楠木大柱，承托着2300平方米的重檐庑殿顶，雄伟壮观、举世无双，殿内陈列着定陵地下宫殿出土的文物数百件。殿中端坐于九龙宝座之上的永乐皇帝铜像，做工精湛考究，形象逼真，此造像是世上精美绝伦的艺术佳作。
坐落在第二进院落北面正中的主体建筑祾恩殿，是当年嗣皇帝谒陵祭祀举行仪式的场所，建成于永乐十四年（公元 1416年），殿呈长方形，殿墙为红色，殿顶为古建筑中等级最高的重檐庑殿顶。此殿是国内罕见的大型殿宇之一，也是明代唯一保存至今的陵殿，堪称是我国古 建筑中的珍贵遗物。
2009年，长陵迎来营建六百周年，为此，由十三陵特区主办的永乐皇帝与明长陵历史陈列于6月20日在裬恩殿内正式展出。详实的文字图片和真实的模型，讴歌了墓主人的丰功伟绩，更向世人展示了我国灿烂历史文化的丰厚内涵。",https://r1.visitbeijing.com.cn/vbj-s/2019/0815/20190815040448638.jpg,010-60761643,,,40.223044,116.075565,https://s.visitbeijing.com.cn/attraction/117963
居庸关长城,"居庸关长城是万里长城上著名的军事古关之一，自古以来就是守土戍边的雄关险隘。这里山峦重叠，溪水长流，植被繁茂，景色怡人。素有“关沟72景”的美称。早在金代便以“居庸叠翠”名列“燕京八景”之首，清乾隆皇帝曾亲笔手书“居庸叠翠”。 从金代经元、明、清七百余年，燕京八景第一胜景就是居庸叠翠。
居庸关长城集雄、奇、险、峻于一身，东跨翠屏山，西跨金柜山，如鲲鹏展翅，全长4142米，古时就被称为“天下第一雄关”。“ 居庸天险列峰连，万里金汤固九边。”清乾隆帝的这两句诗，道出了居庸关的雄伟险要。
居庸之名，始于春秋战国时期，《吕氏春秋》中有“天下九塞，居庸其一”的记载。关城所在的峡谷，属太行余脉军都山地，地形极为险要。燕国就曾扼控此口，时称“居庸塞”； 历史上，居庸关是一个重要兵镇，建有南北券城、城楼、敌台、水门、户曹行署、粮仓、书馆等功能各异的配套建筑，关城的建设巧妙地利用西高东低，两山夹一水的自然环境，“据险制塞”，构成完整严密的军事防御体系。元代时，居庸关是北京通往内蒙的重要交通大道。因皇帝经常过往，因而在关内设有行宫、寺院、花园等建筑。现存的云台就是元代修建的过街塔台基，云台券洞上雕刻",https://r1.visitbeijing.com.cn/vbj-s/2021/0928/20210928175228462.jpg,010-69771665 010-69783167,,旺季：8:30—17:00淡季：8:30—16:00,40.285693,116.076739,https://s.visitbeijing.com.cn/attraction/101490
明十三陵,"明十三陵，坐落于天寿山麓，距离北京约五十公里。陵区周围群山环抱，中部为平原，陵前有小河曲折蜿蜒，山明水秀，景色宜人。十三座皇陵均依山而筑，分别建在东、西、北三面的山麓上，形成了体系完整、规模宏大、气势磅礴的陵寝建筑群。明代术士认为，这里是""风水""胜境，绝佳""吉壤""。因此被明朝选为营建皇陵的""万年寿域""。该陵园建于1409年，距今已有300—600多年历史。陵区占地面积达40平方公里，是中国乃至世界现存规模最大、帝后陵寝最多的一处皇陵建筑群。
十三陵是一个天然具有规格的山区，其山属太行余脉，西通居庸，北通黄花镇，南向昌平州，不仅是陵寝之屏障，实乃京师之北屏。太行山起泽州，蜿蜒绵亘北走千百里山脉不断，至居庸关，万峰矗立回翔盘曲而东，拔地而起为天寿山(原名黄土山)。山崇高正大，雄伟宽弘，主势强力。明末清初著名学者顾炎武曾写诗描述这里的优胜形势：“群山自南来，势若蛟龙翔;东趾踞卢龙，西脊驰太行;后尻坐黄花(指黄花镇)，前面临神京;中有万年宅，名曰康家庄;可容百万人，豁然开明堂。”这一优美的自然景观被封建统治者视为风水宝地",https://r1.visitbeijing.com.cn/vbj-s/2015/1123/20151123055734510.jpg,010-60761423，60761164,,旺季开放时间：8:00-17:30（4月1日至10月31日）淡季开放时间：8:30-17:00（11月1日至次年3月31日）,40.29423,116.22787,https://s.visitbeijing.com.cn/attraction/101416
长峪城,平区流村镇西北部有一个建于明代的古城，叫长峪城。它的北面有一道山梁叫黄土西岭，黄土西岭海拔1400多米的山梁上有2300年前建造的燕长城，是北京地区最高的长城。明代的长峪城，镇边城，白羊城并称北京边关三城，是古时军事要地。东西南三面临山，南邻雕窝沟，因在长峪峡谷而得名。岁然自明朝建城已经500多年，但现在村前古城墙、垛口、瓮城依稀可见，城门旧迹尚存，在这里你能清晰地听见历史的脚步声。,https://r1.visitbeijing.com.cn/vbj-s/2012/1208/20121208020124699.jpg,暂无,,开放时间:9：00-17：00,40.217496,115.899104,https://s.visitbeijing.com.cn/attraction/101255
居庸关关城云台,"居庸关关城云台 居庸关以景色秀丽著名，早在八百年前，“叠翠居庸抱云台”就被金代皇帝钦定为“燕京八景”之一。始建于1342年的“云台”，雕工艺术精湛流畅，造型别致，图案精美，是元代石雕艺术的珍品，也是元代建筑艺术的代表作。
如今，掩映在杨柳红枫间的居庸新关，更有“花木长城”的美誉。 居庸关是万里长城的重要关口，有天下第一雄关之称，距北京约50公里，为保卫京师的屏障。与嘉峪关、山海关齐名，但因其地势险要，位列三关之首，为历代兵家必争之地。",https://r1.visitbeijing.com.cn/vbj-s/2012/1208/20121208013248528.jpg,010-69771665,,旺季：9：00-17：00淡季：9：00-17：00,40.285693,116.076739,https://s.visitbeijing.com.cn/attraction/101252
大榛峪长城,大榛峪位于怀柔渤海镇的北面、响水湖风景区的门口，总面积18平方公里，其中山林面积11500亩，是集长城、古洞、山川、泉潭、飞瀑于一体的天然锦秀谷。大榛峪长城属怀柔境内的重边长城。,https://r1.visitbeijing.com.cn/vbj-s/2021/0924/20210924170610181.jpg,无,,开放时间：全天,40.467522,116.481519,https://s.visitbeijing.com.cn/attraction/119518
箭扣长城,"箭扣长城位于京郊怀柔县西北八道河乡境内，在慕田峪长城以西10公里，距怀柔县城约30公里，山势非常富于变化，险峰断崖之上的长城也显得更加雄奇险要。箭扣长城因整段长城蜿蜒形如满弓扣箭而得名。是明代万里长城最著名的险段之一，是近年来各种长城画册中上镜率最高的一段，向来是长城摄影的热点。
箭扣长城连接慕田峪，其间景致颇佳，有著名的“刀把楼”，以及“牛犄角边”，箭扣，以及“鹰飞倒仰”，还可以观赏龙潭和古长城砖窑遗址，潭下建有目前北方最大的虹鳟鱼养殖场。箭扣的走势比司马台更加富于变化和韵律；山势比慕田峪雄奇峻峭；构造墙体的是大块的白云岩，非常醒目。无论春夏秋冬、风云雨雪，各种光线下都能拍出美妙的照片。
登上箭扣，还可以观赏龙潭和古长城砖窑遗址。山脚下平地泉水奔涌泉水汇集成潭，“潭中鱼可百许头，皆若空游无所依”，那鱼就是著名的虹鳟鱼。潭下建有目前北方最大的虹鳟鱼养殖场。",https://r1.visitbeijing.com.cn/vbj-s/2021/0928/20210928172424815.jpg,暂无,,,40.856494,116.707093,https://s.visitbeijing.com.cn/attraction/101906
北京黄花城水长城旅游区,"黄花城水长城旅游区为国家AAAA级景区，位于北京怀柔九渡河镇境内，因三段长城入水而得名，是北京唯一一处长城与水相连的长城。景区距北京市区70公里，怀柔城区35公里。是以奇而著称，以秀为特色，融青山、碧水、长城、古树为一体的旅游休闲胜地。有“塞外景，江南风，尽在水长城”的美誉。其中，这里的“四大奇观”更是引人入胜，叹为观止：
“看长城绕湖畔”：建于明永乐年间(1404)的黄花城长城雄伟险峻、气势磅礴，盘旋于山脊之上，环绕在灏明湖畔，景色秀美壮观。该长城不仅是守卫京师的北大门，而且成为护卫明皇陵“十三陵”的重要门户，是明长城的精华所在。
“观巨龙探水湾”：湖水将三段长城自然断开，形成长城戏水、水没古城垣的奇特景观。也是京郊独有的“山间碧玉，水中长城”，有诗云：城抱碧波涟，水没古城垣;城水相呼应，壮美自悠然。
“赏沧桑古栗园”：明代板栗园面积上百亩，现存古树200余棵。园内棵棵栗树盘根错节，形态各异。如此大面积的古栗园，虽饱经风霜，但仍根深叶茂，可谓京郊独一无二的人文奇观。有诗赞曰：古栗苍苍满坡生，历经风雨仍从容；不吝献出丰硕果，颗粒饱满誉京城。
“览峭壁山水潭”：沿古道、过木桥、涉",https://r1.visitbeijing.com.cn/vbj-s/2021/0929/20210929153714646.jpg,010-61651111；010-61651818,,旺季：8:30-17:00（周六、日及黄金周18:00）淡季：8:30-16:30,40.412079,116.304362,https://s.visitbeijing.com.cn/attraction/101401
北顶娘娘庙,"这是一座有着五百多年历史的庙宇，是一座体现北京悠久文化的文物古迹，同时是一座彰显着民族精神和人文奥运魅力的场所。北顶娘娘庙是北京历史上著名的“五顶”之一, 是北京城中轴线北延长线上的标志性建筑，是北京城市发展和民俗事象的实物见证。2003年被公布为北京市级文物保护单位。
它位于奥运主场馆区内，与国家体育场、国家游泳中心毗邻，形成了古典与现代相辉映的场景，是人文奥运精神的重要体现。",https://r1.visitbeijing.com.cn/vbj-s/2015/0728/20150728020643792.jpg,,,,39.989695,116.395005,https://s.visitbeijing.com.cn/attraction/118340
北京天开寺景区,"天开寺位於北京市房山区韩村河镇岳各庄龙门生态园内，它不仅是北京境内现存历史最悠久的古刹之一,距今己近2000年的历史，也是释迦牟尼佛舍利出 土的圣地。因此天开寺闻名世界成为佛教圣地 天开寺始建于东汉时期。据元代碑刻记载和乾隆本《上方山志》记载，东汉光武帝建武十年(公元34年)中印度梵僧华严慧晟来到东土。建武二十六年(公元50 年)来到这一地区，创立寺院，传播佛法。日月荏苒，以天开寺为中心，逐渐分布建立了诸多寺院。后来，天开寺、云居寺及天开寺所属的上方山寺、观音院、龙王 寺、中院寺、栗园寺、设济寺等庙宇，构成了一个相互关联的庞大佛教文化圈，成为绍隆佛法、教化人心的圣地。 据碑刻记载：辽代六聘山天开寺忏悔上人守常(1010-1070年)主持天开法务，并住上方山。到了明代上方山才自立山门，在此前，上方山是天开寺的属 寺。元朝至元十年(1273年)应公禅师任六聘山天开寺住持，同时也是上方山住持。应公禅师奉旨率众兴废起颓，重建天开寺及所属诸多寺庙，佛门圣地重放光 芒。 时至当代，1984年古塔附近出现地光，引起轰动，并被各大媒体竞相报道。1990年，国家文物局及其相关单位对古塔进行了深入发掘",https://r1.visitbeijing.com.cn/vbj-s/2016/0714/20160714112942388.jpg,010-61312688,,旺季：7:30-17:00淡季：7:30-17:00,39.612906,115.904275,https://s.visitbeijing.com.cn/attraction/119066
周口店遗址,"周口店遗址博物馆坐落在北京城西南房山区周口店龙骨山脚下，是一座古人类遗址博物馆，始建于1953年。1929年，中国古人类学家斐文中先主在龙骨山发掘出第一颗完整的“北京猿人”头盖骨化石，震撼了全世界。世界文化遗产、国家AAAA级景区、全国重点文物保护单位、全国百家爱国主义教育示范基地。距北京市区约48公里。是世界著名的古人类和古脊椎动物考古遗址，是“北京人”的发祥地。
周口店遗址属全国重点文物保护单位，位于北京市西南房山区周口店镇龙骨山北部，是世界上材料最丰富、最系统、最有价值的旧石器时代早期的人类遗址。1921年至1927年，考古学家先后三次在“北京人”洞穴遗址外发现三枚人类牙齿化石，1929年，又发现了北京人头盖骨化石，以及人工制作的工具和用火遗迹，遂成为震惊世界的重大考古发现。1930年在周口店遗址还发现距今约2万年前的山顶洞人化石和文化遗物。但随之而来的连年战乱，遗失了自1927年以来发现的全部北京人和山顶洞人的化石标本，迄今下落不明，这一事件成为20世纪考古史上的世界之谜。新中国成立后，恢复了对周口店遗址的发掘研究，获取了大量的宝贵资料，迄今为止，考古学家们已经发掘出代表40",https://r1.visitbeijing.com.cn/vbj-s/2015/1222/20151222051227309.jpg,010-69301090、010-53230037,,周二至周日：9:00-16:30，16:00停止入场周一闭馆（不含国家法定节假日）,39.689373,115.929961,https://s.visitbeijing.com.cn/attraction/101537
蟠龙山长城,蟠龙山长城风景区蟠龙山长城风景区位于具有燕京门户之称的密云古北口镇，建于1680年的古御道镇域内长城由卧虎山长城、蟠龙山长城、司马台长城组成。,https://r1.visitbeijing.com.cn/vbj-s/2021/0924/20210924172128173.jpg,暂无,,开放时间：全天,40.682846,117.19157,https://s.visitbeijing.com.cn/attraction/119498
古北口长城,"古北口长城位于密云县古北口镇东南。由卧虎山长城、蟠龙山长城、金山岭长城和司马台长城组成。北齐天保六年（555）修筑一道自西河起（今陕西榆林河）至山海关共1500余千米的长城。其中，古北口是重点设防的关口。金、元两代曾对此关口增建。明洪武十一年（1378）起加修关城、大小关口和烽火台等关塞设施，并增修门关2道，一门设于长城关口处，称“铁门关”，仅容一骑一车通过；一门设于潮河上，称“水门关”，存遗址。隆庆元年（1567）戚继光、谭纶开始对自山海关到居庸关（见居庸关及云台）的长城进行大规模改建，古北口长城得到修建。望京楼为该段长城的最高点，海拔986米。
1933年古北口抗战在此进行，360余名阵亡将士遗体合葬于古北口长城脚下，建古北口阵亡将士墓。①卧虎山长城。位于密云县古北口镇河西村，海拔665.2米。建于明洪武八年。城墙全长13.6千米，设敌楼20余座。②蟠龙山长城。位于司马台长城和卧虎山长城之间。全长5000米，设敌楼19座。将军楼和二十四眼楼为建筑精华。将军楼地处蟠龙山的制高点，为指挥机关所在地，楼呈正方形，宽10.1米，楼南北共有4个箭窗，东西各有3个箭窗，东、南、西、北各有1门",https://r1.visitbeijing.com.cn/vbj-s/2021/0928/20210928173738413.png,010-81051133,,开放时间:全天开放,40.691878,117.163777,https://s.visitbeijing.com.cn/attraction/101660
司马台长城风景区,"司马台长城位于北京市密云区东北部的古北口镇境内，东起望京楼，西至后川口，全长5.4公里，敌楼35座，整段长城构思精巧，设计奇特，结构新颖，造型各异，既有人所常见的“城墙类型”，也有适应悬崖峭壁的山势而建的“半边墙类型”；既有随缓坡而舒展的马道，也有陡坡上以大阶梯叠进的“天梯”。独具“险、密、奇、巧、全”五大特点。司马台水库将该长城分为东西两段。东段有敌楼16座，西段有18座。 敌楼密集、形式多变、结构各异，楼的间距平均仅140米，极其雄奇壮丽。东段长城峰巅有两座敌楼最为显赫，即仙女楼与望京楼。尤其望京楼筑于海拔千米的陡峭峰顶，景观绝佳，可遥望到北京城。司马台长城1987年被列入世界遗产名录，属国家级重点文物保护单位，是我国唯一保留明代原貌的古建筑遗址。
司马台长城被鸳鸯湖分为东西两段。鸳鸯湖由流淌不息的常年在37℃的温泉和冰冷刺骨的冷泉汇集而成，致使湖水冷暖参半，每至严冬，湖内依然碧波荡漾，雾气升腾。长城的最高处为“仙女楼”，需登“天梯”而上。天梯高达100米，坡度85度，几近垂直，无胆量的绝难征服。仰头上望，那砖石砌就的台阶仅可容脚，两侧悬崖陡壁，中间这一道台阶细如线，薄如刃，陡如",https://r1.visitbeijing.com.cn/vbj-s/2021/0928/20210928175633978.jpg,010-81009999、010-81008141,,冬令时（11月-次年3月）：8：00-17：30. 长城清场时间为16：30夏令时（4月-10月）：8：00-18：00.    长城清场时间为16：30.,40.656085,117.245138,https://s.visitbeijing.com.cn/attraction/101429
马致远故居,马致远故居位于京西门头沟区王平镇的“王平古道”的韭园村，村内的西落坡村有一元代古民居，当地村民们世代相传说这里就是马致远故居。马致远故居坐西朝东，是一座大四合院。故居门前有小桥流水，门前的影背墙上现在写着“马致远故居”，并有马致远生平介绍。绕过影壁跨过一间东房的大门就来到院子里。院子很大，西北东南四面都有房间，每边为三五间。因长久没有人居住，现在破旧得很厉害，院内野草丛生，杂物堆放。马致远的名曲《天净沙·秋思》中的佳句广为人知——“枯藤老树昏鸦，小桥流水人家。古道西风瘦马，夕阳西下，断肠人在天涯。”细细地观察，发现故居门前的景物和《天净沙·秋思》的意境很相似。,https://r1.visitbeijing.com.cn/vbj-s/2017/0609/20170609104128933.jpg,,,全天开放,39.959261,116.032837,https://s.visitbeijing.com.cn/attraction/120568
北京京西古道景区管理中心,京西古道 如一张大网横纵门头沟全境，道路多而且长，这些古道主要有商运道、军用道、香道，它们互通有无。其中商用道的历史遗迹最多，过了几百年历史，它们虽显出来残败的颓相，风情古韵犹在。你可任意选择一小段自己徒步穿越。水峪嘴—东石古岩村这一部分属于西山古道北路，基本上沿着永定河谷而行，强度不大。西山大道虽东起三家店，但我们也可直接从水峪嘴开始，翻牛角岭，再经桥耳涧、马各庄，到达东石古岩村。,https://r1.visitbeijing.com.cn/vbj-s/2016/0819/20160819052749101.png,010-61880498、010-61880104,,8：00-18：00,39.972182,116.053908,https://s.visitbeijing.com.cn/attraction/119476
灵水举人村,灵水村位于北京市门头沟区斋堂镇境内，是京西古村落群中最具文化底蕴的古村落之一，距北京78公里，距镇政府所在地14公里，灵水村海拔430米，聚落面积 6.4万平方米，西北高，东南低，略呈长方形。早在辽代，该村已具有相当规模，此后经历代发展，在清末民初达到鼎盛。当时村中居民有360户，人丁达到 2000余人。灵水先人以“风水”理论择地建村，定龟型为村形，整个村落处于群山环抱之中，围合封闭、附阴抱阳、藏风聚气、东进而西收，构成了“天人合 一”的自然格局。,https://r1.visitbeijing.com.cn/vbj-s/2023/0214/e0abe3d282e6fdb139002975c1661feb.jpg,010-69812890,,8：30-17：30,40.002486,115.734106,https://s.visitbeijing.com.cn/attraction/119070
